of_amp_gls,of_amp_td,emp_amp_scaled,resid_of,resid_emp
8432.805918233262,8432.802262368583,8430.635675322403,5.360235098859368e+17,1.1113220894454218e+18
8434.793958090731,8434.792253940068,8436.58916838102,5.352128668299358e+17,1.110782634183776e+18
8440.917174040867,8440.913657897463,8439.666908746938,5.359605718189203e+17,1.1123663846870284e+18
8439.80624388077,8439.805085665335,8437.000567366913,5.360349728308833e+17,1.1122891098254669e+18
8422.142632094588,8422.140571599066,8424.073385779022,5.3353123061561376e+17,1.1073756981446354e+18
8437.448256069434,8437.447070321488,8439.627082147494,5.3532570200286637e+17,1.1112577624979474e+18
8437.381855796686,8437.381882056063,8439.627929822514,5.354473046130068e+17,1.1113702986393827e+18
8439.502900598372,8439.500793635147,8436.11579614752,5.361269339865075e+17,1.1123396627159432e+18
8425.782078031998,8425.780997057751,8428.471819708686,5.3359303712297664e+17,1.1079335418750547e+18
8440.873237599915,8440.86828497225,8437.598041358277,5.370136421237487e+17,1.1134135046158556e+18
8441.058092071991,8441.053618315625,8439.294710009479,5.355277872220855e+17,1.1119528587399503e+18
8443.855819614708,8443.8569129019,8445.905014742484,5.3636571105558566e+17,1.1131728551435352e+18
8428.204376246744,8428.200770088923,8430.691055234256,5.3393787853426995e+17,1.1086086660332246e+18
8440.682714223987,8440.681062443438,8443.616532609036,5.3635671744771066e+17,1.1127304058472355e+18
8421.353759585802,8421.353371782632,8418.113812102898,5.338819219886351e+17,1.1076190224546779e+18
8437.477762733362,8437.475598395606,8438.708477008837,5.355521380588041e+17,1.111488250256792e+18
8438.326561518945,8438.326330650065,8435.632780617154,5.3561554714423194e+17,1.1116676392196652e+18
8431.782879438002,8431.781458824862,8431.001820711164,5.354504284991684e+17,1.1106093956709908e+18
8476.443510558945,8476.443005065146,8476.534812795726,5.403954762231542e+17,1.1216634476025011e+18
8445.069631929335,8445.06876533743,8442.053487110385,5.365133986921758e+17,1.1134865135055354e+18
8437.472911318537,8437.47092055338,8434.271087230081,5.361910953686569e+17,1.1121266551028654e+18
8436.668274834477,8436.664649876886,8435.663129299346,5.359493769838938e+17,1.1117750397759153e+18
8435.285247181228,8435.285153202232,8435.498096313513,5.353995292553436e+17,1.1110363865150778e+18
8439.859523334751,8439.855758532689,8443.317560777032,5.3564654155432826e+17,1.1119077989226045e+18
8420.755402798879,8420.754880174449,8422.182650339433,5.3326968256724646e+17,1.1069251397913509e+18
8438.592030092592,8438.592774895755,8435.075702686372,5.3573660912491686e+17,1.1118249671862829e+18
8422.510375329102,8422.508590250949,8422.896375316966,5.3372311456038944e+17,1.1076177339343736e+18
8443.409652148786,8443.406118682251,8442.259638845808,5.370146042154405e+17,1.1137608730847826e+18
8426.642983704136,8426.641834117449,8427.912758158374,5.3401774738500896e+17,1.1084756599671473e+18
8439.11450730243,8439.115285157419,8442.151353821411,5.3567461268233344e+17,1.1118341477694648e+18
8436.515657383186,8436.513010984152,8437.0752569605,5.3554572773475795e+17,1.111350518823954e+18
8437.16595563351,8437.166086580903,8435.243941010332,5.360103458872559e+17,1.1119039695495805e+18
8435.662059778633,8435.661466122365,8431.793500536458,5.358922537492349e+17,1.1115806418128e+18
8424.969961877316,8424.968719093664,8421.60847327184,5.347926101761048e+17,1.1090225547737492e+18
8427.120590246981,8427.12000639283,8427.784980837867,5.338608253357826e+17,1.1083838731769158e+18
8437.281166675477,8437.28077393797,8436.876186548272,5.352958609286366e+17,1.1112051749704292e+18
8439.26715397169,8439.263463835547,8441.652097816881,5.350700018853971e+17,1.1112503964706262e+18
8433.779188854014,8433.779339890149,8435.157066143676,5.350339885948364e+17,1.1104652838593434e+18
8436.510193076916,8436.507705287066,8432.676269709573,5.360741019671496e+17,1.111878256018929e+18
8437.36813801357,8437.36787098954,8436.093353182516,5.3575982805635994e+17,1.1116810366393553e+18
8437.338078839608,8437.338054212782,8440.2831749742,5.356168502000228e+17,1.1115338506133632e+18
8432.716047749196,8432.714232342867,8429.149702122355,5.3511509470694016e+17,1.1104014467058295e+18
8438.13436881222,8438.131767713923,8439.521256497957,5.357616802248528e+17,1.111787430950918e+18
8424.184569794665,8424.184152783659,8423.3599844015,5.3346017882682976e+17,1.1075830039978212e+18
8426.642502210952,8426.641340653534,8429.15196048188,5.340108943056224e+17,1.1084687105473833e+18
8434.589010932705,8434.585092167312,8437.298434502472,5.354461126817433e+17,1.1109878875295446e+18
8442.93629832743,8442.935568855923,8444.360173704437,5.356374592219487e+17,1.1123189990561713e+18
8435.448810890424,8435.447630620169,8435.27405709227,5.3539822092364077e+17,1.1110574116829338e+18
8437.493408253282,8437.492168649056,8440.491957570435,5.3537354954940826e+17,1.1113117538276214e+18
8438.208589331116,8438.206482039293,8437.121493886943,5.358233525217376e+17,1.111859297880857e+18
8439.436767043942,8439.434019636334,8437.797456255019,5.3575487837469203e+17,1.1119585331995991e+18
8440.122588818214,8440.12194841194,8443.617311752621,5.3511542164015174e+17,1.1114126021135584e+18
8422.669842858206,8422.669895309053,8421.689720428441,5.334561302295636e+17,1.1073725152650011e+18
8420.024861859873,8420.023073158052,8422.585863278955,5.33168659821145e+17,1.1067245585846962e+18
8433.4855066003,8433.485142825684,8434.366248486589,5.3534743755583514e+17,1.1107386703336809e+18
8435.528482042191,8435.52646684217,8436.838746689207,5.3531643699339514e+17,1.1109864649802237e+18
8428.459967040484,8428.457740560263,8425.91097167175,5.3468538067553766e+17,1.1093911479090696e+18
8439.65350056041,8439.652315372325,8438.03399351649,5.3614408752990035e+17,1.1123773372615896e+18
8420.01891120234,8420.017221256534,8421.434580729288,5.3344781765203456e+17,1.1070029340552593e+18
8436.34710313909,8436.347452342216,8436.80335150657,5.3539766623816954e+17,1.1111794519605297e+18
8423.17583954973,8423.173533919025,8416.148525701557,5.3389194144296864e+17,1.1078774348059844e+18
8430.66698006367,8430.666792139975,8430.087563769102,5.346931421332799e+17,1.1096998762341574e+18
8437.902637635922,8437.900213045283,8436.442105962104,5.3584171163711936e+17,1.1118358953053102e+18
8440.190888099793,8440.187284985082,8441.098550990633,5.356575131720849e+17,1.1119640848802605e+18
8434.235804650463,8434.234420571896,8434.547550776504,5.3500504111078176e+17,1.1104986736801142e+18
8427.422941193436,8427.420657589539,8429.765460676255,5.3435195678184704e+17,1.1089161896600114e+18
8439.115821951573,8439.114091964268,8437.47370339545,5.355295525009993e+17,1.1116893830936033e+18
8439.03529685636,8439.035203829419,8437.55777085961,5.359933139985372e+17,1.1121421452599209e+18
8423.208618176657,8423.20448404372,8428.736898122554,5.3350495405606086e+17,1.1074946041072844e+18
8421.01646043132,8421.017975869381,8420.204857352286,5.335386344003998e+17,1.1072297161340092e+18
8423.836195666587,8423.831424258035,8425.689647217441,5.3398632009635117e+17,1.1080615953751415e+18
8422.22120449295,8422.217851191577,8419.244375764345,5.338539225875232e+17,1.107709218664047e+18
8438.04884320846,8438.044284893847,8435.83203008464,5.3582957814361734e+17,1.1118437415052227e+18
8396.690334278308,8396.68850374054,8395.779248603578,5.3089671443630496e+17,1.1012780974056718e+18
8437.647729245577,8437.64550210527,8437.971301021997,5.353848797191646e+17,1.1113442182185165e+18
8433.105699655787,8433.10396215734,8429.074303990776,5.356988427574154e+17,1.1110383721986954e+18
8434.339949668692,8434.337667820875,8432.798457798059,5.357733816960067e+17,1.1112812725282839e+18
8436.562154196334,8436.561674489365,8434.455381795917,5.3578654322060595e+17,1.1115977473519726e+18
8417.199050403657,8417.194385045565,8412.012482023149,5.335038374268e+17,1.1066750146130787e+18
8441.789400129153,8441.787284768463,8444.638346844382,5.358352598270846e+17,1.1123601007814871e+18
8438.809144819481,8438.809168448564,8437.331400575027,5.361520484029599e+17,1.1122700004336461e+18
8437.38328923427,8437.381127865181,8436.357646815884,5.360216169502648e+17,1.1119448877571882e+18
8435.86514078368,8435.861904666992,8433.132756789943,5.357868149615344e+17,1.1115028935777641e+18
8420.736925072235,8420.73396043884,8415.582376957049,5.3424690310983795e+17,1.1079000055487564e+18
8431.345499626976,8431.344788161392,8425.00220688841,5.35516804736552e+17,1.11061624099345e+18
8436.190374663438,8436.189386111193,8437.147497199237,5.356858143367714e+17,1.1114461943670692e+18
8422.806066463427,8422.80452685783,8422.235706352953,5.341516810353119e+17,1.1080866204960276e+18
8422.898874964974,8422.895668475614,8422.795925978102,5.340984312594743e+17,1.108046007277096e+18
8440.595560381722,8440.595138559142,8441.694547767464,5.360655836221234e+17,1.1124274149501853e+18
8424.065509246433,8424.06694166432,8419.702574858224,5.340910437726632e+17,1.1081977282207903e+18
8435.952621627846,8435.95084594769,8434.570246953926,5.3547613084464755e+17,1.1112041165547565e+18
8424.800391927563,8424.798903703373,8423.322307113749,5.349084191650758e+17,1.1091152022706584e+18
8424.327695033933,8424.326604712493,8421.923592426978,5.339451182754232e+17,1.1080874911582117e+18
8437.677952618425,8437.673633621835,8436.357043333737,5.355575160837965e+17,1.1115210214806196e+18
8445.131686270066,8445.130418678506,8447.080743436834,5.3652470543287763e+17,1.1135061763069448e+18
8433.067870958666,8433.066070604917,8432.446327264048,5.352846372973387e+17,1.1106189206635346e+18
8425.074722874118,8425.073782374944,8426.658528465765,5.337979472012857e+17,1.1080420501354266e+18
8435.427190003678,8435.426515486171,8437.622877527872,5.34876529178978e+17,1.1105327102572475e+18
8421.360290575452,8421.357571497803,8421.410170208814,5.336029907243013e+17,1.1073408997235118e+18
8439.851343838016,8439.848267343905,8440.112024228865,5.3619755559875136e+17,1.1124577752831444e+18
8422.475509982125,8422.471531280986,8421.554133797432,5.340754949189372e+17,1.107965395323056e+18
8424.97856456041,8424.975738665878,8421.322673578687,5.350195251594677e+17,1.1092506497253874e+18
8439.242826198102,8439.242478848402,8441.064336607866,5.3575564735465254e+17,1.1119327340186246e+18
8436.713607612866,8436.712140369093,8436.366713874897,5.359387421118992e+17,1.1117705767809245e+18
8421.674311910305,8421.672029839614,8418.545672662269,5.337138534113573e+17,1.107494629672067e+18
8437.470917874956,8437.470082273085,8436.84509218276,5.354625952845814e+17,1.1113978190473128e+18
8423.957729370128,8423.956549175193,8422.215240026399,5.343994880700974e+17,1.1084914172288938e+18
8416.637076911387,8416.634655899848,8414.706368452722,5.332250256347295e+17,1.1063195894858474e+18
8434.409938394616,8434.4064624963,8434.309406375089,5.350140722294277e+17,1.1105314786115485e+18
8436.392173231034,8436.39081663379,8438.71471297093,5.360773958193173e+17,1.1118652873811676e+18
8425.5252203995,8425.524695993367,8426.64728075774,5.343502696951357e+17,1.10865579656408e+18
8430.652600354266,8430.649024744518,8426.905670701408,5.3491019637165677e+17,1.1099150473823899e+18
8435.821459913694,8435.820800459545,8435.960832577564,5.352660061866404e+17,1.1109760515589934e+18
8423.373765444161,8423.370140104038,8423.234025554273,5.342138482392954e+17,1.108226146334236e+18
8421.863354874897,8421.86254523713,8422.310474645301,5.33799017551463e+17,1.1076054651930172e+18
8419.697586162269,8419.694307036516,8419.044897999147,5.3382343036289965e+17,1.1073348226983985e+18
8432.014281510199,8432.012845992545,8435.886239915502,5.349778623719613e+17,1.1101682840643379e+18
8419.709741567314,8419.706917327794,8419.608180892275,5.3362406350691155e+17,1.1071370981551734e+18
8437.38668273203,8437.384048524738,8433.93754286772,5.357530349727933e+17,1.1116768290979949e+18
8411.958767568154,8411.956677553302,8407.042979188653,5.3272970205860794e+17,1.1051874181747354e+18
8439.349623947839,8439.345628582101,8441.824628112972,5.357941389824169e+17,1.1119857924586853e+18
8459.284868605033,8459.282320758819,8462.543812331549,5.3814197954372384e+17,1.1170589630715278e+18
8444.121731304107,8444.119802079982,8445.821353075717,5.361647523534474e+17,1.1130082350058152e+18
8434.576865109777,8434.577303643047,8434.76813751784,5.3510402886881363e+17,1.110644208555099e+18
8436.428515450092,8436.427616737874,8433.943756999906,5.360185270378819e+17,1.1118114984883427e+18
8441.318027235993,8441.318219090554,8437.070345651578,5.3638616406631264e+17,1.1128467987410693e+18
8440.24847702863,8440.249084590325,8441.826010383073,5.354016353750387e+17,1.111716054985273e+18
8426.247260691442,8426.245195252688,8426.734947615258,5.3409165253425645e+17,1.1084956315828858e+18
8439.235091088134,8439.234291845973,8440.417718362209,5.356848570184953e+17,1.1118609033163839e+18
8423.191879554859,8423.189002331637,8424.947159147625,5.3376777794923686e+17,1.1077552401279899e+18
8438.467407788346,8438.468326133705,8443.168042697913,5.348394463497206e+17,1.1109105853422737e+18
8439.279363783882,8439.278094706548,8437.920551137566,5.360204943294721e+17,1.1122026489468436e+18
8419.731778889322,8419.730283393019,8416.879002795404,5.3369493701635936e+17,1.1072110418679162e+18
8434.746683614883,8434.745401416192,8433.282258956964,5.349610903363841e+17,1.1105244866811762e+18
8442.058687580198,8442.059005314193,8444.240025114506,5.356833344294647e+17,1.1122449740486194e+18
8427.409278306635,8427.408859121655,8430.253377302952,5.34607659119709e+17,1.109170016564421e+18
8414.891104897612,8414.887043469349,8411.83574572821,5.3301320483278586e+17,1.1058700522938158e+18
8409.35798013065,8409.357065567867,8409.527530117846,5.315711457251338e+17,1.1036748090571631e+18
8435.162349695442,8435.162468163559,8433.440700228139,5.3550258664030554e+17,1.1111227185223377e+18
8439.055508922012,8439.053210315458,8438.281665095896,5.3567351615797856e+17,1.1118250898129905e+18
8426.593092054796,8426.591179329105,8428.8734592745,5.340492427794267e+17,1.1085003279725641e+18
8421.12706013536,8421.124634278422,8425.030384168533,5.33586508444906e+17,1.1072925430812993e+18
8439.251890761634,8439.251507502406,8437.554394919844,5.3580042634850925e+17,1.111978837987945e+18
8438.142855693499,8438.140904002907,8440.74367540716,5.3570512858579437e+17,1.1117320079234996e+18
8442.422873137728,8442.420437724064,8444.475497010535,5.35747109226818e+17,1.1123584981892438e+18
8426.660609864637,8426.661019454274,8425.254018835261,5.3388557474495846e+17,1.1083459567836306e+18
8425.252153870111,8425.250468245566,8423.636728014946,5.3376265741112435e+17,1.1080310267909436e+18
8438.233374667027,8438.232284883277,8436.437496719022,5.3634443615547834e+17,1.112383783036213e+18
8435.35521347812,8435.355691113476,8435.065280453173,5.3538158251315283e+17,1.111028001486135e+18
8437.635323509228,8437.63329687348,8437.103643202561,5.358275879220541e+17,1.111785253972227e+18
8438.175817802075,8438.173671597451,8440.47642578428,5.355299512612077e+17,1.111561338344942e+18
8436.579920728183,8436.577645434345,8438.199608988187,5.3498419916448864e+17,1.110797736151629e+18
8429.829012571758,8429.826648777096,8431.313053652053,5.340096136717241e+17,1.1089019965846889e+18
8415.039993066684,8415.037505811331,8414.163712167123,5.3329671777351866e+17,1.1061737831510148e+18
8418.283880559517,8418.282692938814,8415.300329687612,5.332339820357242e+17,1.1065528578132914e+18
8422.028274530463,8422.021781887848,8419.348811594306,5.3426441076584506e+17,1.1080934088928236e+18
8418.142839469097,8418.140116581955,8416.720207602424,5.335582257322627e+17,1.1068578521573691e+18
8434.275702594221,8434.273100516297,8431.321217705898,5.356464193577254e+17,1.1111455775643744e+18
8421.539116202912,8421.538138894299,8424.538580867933,5.332901545650431e+17,1.1070523572268329e+18
8431.290246807355,8431.290202689202,8433.083546727901,5.347367965947483e+17,1.1098284938653852e+18
8434.621896903964,8434.621069556742,8433.99230393283,5.355235967278411e+17,1.111069942329514e+18
8465.384913331603,8465.386257482041,8465.522246872613,5.393357734498314e+17,1.1190880572284233e+18
8440.725501567042,8440.72396950345,8444.744437330972,5.357764613779986e+17,1.1121559663618349e+18
8437.266754902115,8437.26652077152,8442.852461300452,5.353689867756481e+17,1.1112761848740175e+18
8433.626099609568,8433.623392623891,8431.350025850421,5.353715121126569e+17,1.1107820077202305e+18
8421.447742775248,8421.444440152602,8418.555798756883,5.338586534946086e+17,1.1076085513579296e+18
8427.544348319832,8427.542223357337,8427.488952203328,5.3391467785133715e+17,1.1084955247907626e+18
8416.858205005008,8416.85932435728,8417.805060913935,5.33332081534241e+17,1.1064566881655894e+18
8437.075489312652,8437.073621145344,8435.970595641978,5.366026270304957e+17,1.1124838806362665e+18
8441.70325390234,8441.70141683644,8444.420828730805,5.355785850538245e+17,1.1120916627593353e+18
8424.74791983326,8424.746745824239,8424.315548444612,5.3381667204314995e+17,1.1080162766441176e+18
8434.690004258562,8434.69096952736,8431.707885244852,5.356244938222382e+17,1.1111801925060114e+18
8416.274876495383,8416.271030889391,8415.01405259327,5.32954613929486e+17,1.1059998373391311e+18
8423.277937499743,8423.274701180097,8421.248670418925,5.3381787002480134e+17,1.1078171545152078e+18
8466.493989374607,8466.490808916342,8467.927333956586,5.3926954650573114e+17,1.1191737182516886e+18
8423.502259461568,8423.503988009032,8425.183553186747,5.337014008369703e+17,1.1077311664983219e+18
8416.134099414294,8416.131040840119,8419.962163313188,5.332494398692095e+17,1.1062753672258615e+18
8436.952894439295,8436.95197491164,8439.6547337818,5.3501680921691456e+17,1.1108812329166527e+18
8429.750972528202,8429.751879682692,8433.548682085599,5.3410517431538496e+17,1.1089868557139235e+18
8436.741785064807,8436.741496933193,8438.374521073914,5.35311548557193e+17,1.111147180566289e+18
8426.027226289383,8426.024900434017,8427.321457056121,5.336266086488614e+17,1.1080005693283587e+18
8421.030919795945,8421.02840114238,8422.04091772279,5.3306107445825926e+17,1.1067540812545056e+18
8424.523840648995,8424.52064055748,8424.365490416241,5.335727277617258e+17,1.1077417811744741e+18
8440.734521640203,8440.733034468682,8444.49014774061,5.361247457688481e+17,1.1125054891660483e+18
8440.562530771997,8440.559262928698,8441.28651119213,5.356303152147796e+17,1.1119876450295789e+18
8435.08405462418,8435.084894301623,8433.046551487949,5.360944157634208e+17,1.1117038697219608e+18
8424.650956231437,8424.648917321283,8425.258933173063,5.338292758680948e+17,1.1080156374402408e+18
8436.646205527968,8436.646686483728,8438.199642620972,5.353322412950929e+17,1.1111548281018584e+18
8421.156351541156,8421.156966226394,8425.219277917135,5.3335514200271904e+17,1.1070651637671419e+18
8436.395657224237,8436.393178383263,8439.433668995393,5.3527095624089786e+17,1.1110593056355665e+18
8405.225756829926,8405.22521230695,8403.751369832995,5.316115061868422e+17,1.1031531031576646e+18
8435.43560859702,8435.43499692735,8434.112569929855,5.356033338554494e+17,1.1112607511414616e+18
8430.197780904025,8430.196802801003,8430.747725542065,5.3508057953567354e+17,1.11002328476367e+18
8418.259634974545,8418.255670166353,8419.678594776475,5.330083414229154e+17,1.1063238059082071e+18
8440.455932001358,8440.454968473266,8445.798969350686,5.3553782822327546e+17,1.1118804855380692e+18
8439.747060509031,8439.744136613714,8441.639254574851,5.3600398837154944e+17,1.1122499270776468e+18
8426.529828776283,8426.525204691548,8427.904575260245,5.340341998467438e+17,1.1084766820236287e+18
8425.16149379181,8425.157584603587,8424.321138551677,5.339840406182154e+17,1.1082400320358988e+18
8423.607234845584,8423.607338409496,8423.79575953208,5.3387238789924045e+17,1.1079164979400947e+18
8408.284633149406,8408.28660323094,8410.581121112862,5.31738944431869e+17,1.1036965211142326e+18
8441.266796859989,8441.26521705138,8446.022281095646,5.3572658566067194e+17,1.1121800000323423e+18
8426.584568469318,8426.58177590169,8428.978588863161,5.336345180408385e+17,1.108084438294208e+18
8436.078519159268,8436.075016750696,8438.292244139897,5.350962015142888e+17,1.1108412824794778e+18
8436.294779629172,8436.295197650014,8432.015391390778,5.357701580101455e+17,1.111544918907953e+18
8434.57204983178,8434.570052344858,8431.83403302654,5.356116374777578e+17,1.1111512325796677e+18
8440.26563940324,8440.265028959806,8443.009011704266,5.358337734198635e+17,1.1121505078730348e+18
8438.41993661871,8438.420732253275,8438.830874060217,5.356328567252918e+17,1.1116976206419739e+18
8435.639584370016,8435.639394716105,8433.03756445991,5.358659514647016e+17,1.1115512405107105e+18
8433.27818184717,8433.278557205034,8436.406249508223,5.349596002728799e+17,1.1103224874313033e+18
8435.428205417827,8435.42628595722,8437.018907336153,5.3515719727994586e+17,1.1108135319412268e+18
8439.786896260355,8439.787021887845,8440.843292306345,5.356029531492164e+17,1.111854352373763e+18
8420.689273158463,8420.686443182321,8416.469895846798,5.339575545197901e+17,1.1076041413947072e+18
8419.300059328758,8419.299141304746,8419.498970915927,5.337710108081068e+17,1.1072282279335199e+18
8426.777385818768,8426.776457722473,8427.456541486983,5.3428921003128224e+17,1.1087654622012847e+18
8435.317879513279,8435.317432409594,8436.750590851918,5.348265514851365e+17,1.1104678322861482e+18
8439.358682899965,8439.356369407116,8438.418393447664,5.3595285791749274e+17,1.1121458330557893e+18
8439.666791452806,8439.666168886728,8438.459168004005,5.35573300170327e+17,1.1118083546156835e+18
8506.240178318418,8506.238860402602,8508.91475347692,5.44372976041284e+17,1.129734649378191e+18
8418.00096383142,8418.00074575823,8414.700866452795,5.332642216882738e+17,1.1065445704137581e+18
8424.511337883267,8424.506716278735,8420.189176645108,5.3423977057968774e+17,1.1084072227655444e+18
8437.235599449783,8437.23473086899,8436.66028208634,5.3587356544277395e+17,1.1117766630956877e+18
8438.400346766553,8438.397769677002,8435.274097031102,5.3549709471672474e+17,1.111559271621505e+18
8441.669264819891,8441.666742427986,8443.786748081191,5.3576478645137754e+17,1.1122732365867045e+18
8436.872954641514,8436.869039448611,8432.803156292515,5.356687719088186e+17,1.1115224508781632e+18
8443.193097784304,8443.192209767423,8447.635129904553,5.362391386370571e+17,1.1129556846958524e+18
8422.75786917358,8422.754510023153,8423.80138818978,5.3397975122510675e+17,1.1079080823914734e+18
8427.02180894545,8427.022092935393,8428.065526156372,5.3441029478547334e+17,1.1089198643881144e+18
8440.84282049782,8440.841842104692,8443.326608511075,5.3559998605309037e+17,1.1119955516002054e+18
8435.965182447984,8435.96738101327,8433.002871539935,5.359057094967325e+17,1.1116354488236467e+18
8439.702594897715,8439.700006168168,8436.514943954195,5.3613321259917254e+17,1.11237320523137e+18
8434.621336510361,8434.618632770005,8431.9187826288,5.3589213859032864e+17,1.1114384590629774e+18
8438.31425980736,8438.313071286619,8436.140829260326,5.3601557925576346e+17,1.1120659788574252e+18
8438.434169014074,8438.432621405496,8438.791816920178,5.358514786922724e+17,1.1119181871345618e+18
8438.329289835769,8438.327511766342,8438.950898681025,5.351901537522396e+17,1.1112425361635084e+18
8436.439162512355,8436.438006434742,8433.691448410884,5.359351210022388e+17,1.1117295523088434e+18
8438.201027087927,8438.199090375365,8440.129989294648,5.357272975327344e+17,1.1117621356555375e+18
8432.966932791687,8432.965820722342,8431.858086203567,5.3510347774254394e+17,1.1104240005300068e+18
8418.507547715646,8418.508329316934,8414.15597226086,5.3356727064765997e+17,1.1069166459021979e+18
8436.337887435026,8436.33644104443,8436.639313721116,5.3509207866351674e+17,1.1108726102773521e+18
8435.71342111991,8435.710909186559,8434.6992861979,5.354421861877726e+17,1.1111375138310886e+18
8437.708548209135,8437.704444691279,8437.749425726086,5.355435606326567e+17,1.1115112092529523e+18
8410.827570909754,8410.825779872943,8410.261826042273,5.3283237214311443e+17,1.1051360288916392e+18
8436.532781529224,8436.532400572327,8434.28073506607,5.363780102004003e+17,1.1121852084587639e+18
8441.928426026372,8441.927588563507,8440.095863367666,5.3612304722150054e+17,1.1126669937405024e+18
8437.275022388769,8437.274647605616,8439.289734387186,5.3548080421346605e+17,1.1113892194914588e+18
8422.365660833662,8422.363681196372,8424.882251756586,5.3326575582829254e+17,1.1071406014841536e+18
8448.413917191836,8448.41160599791,8449.29872807982,5.3669102184107757e+17,1.1141210981668785e+18
8426.357831280086,8426.354589757044,8421.25078085068,5.347413097568544e+17,1.1091605021902057e+18
8438.60244292884,8438.600667921413,8441.169216136152,5.3499776094476614e+17,1.111087389963636e+18
8422.95860216444,8422.95497671892,8423.39239108459,5.335359473938591e+17,1.1074916499425613e+18
8437.615833919765,8437.614558434792,8435.733062319616,5.355588911151501e+17,1.1115139299095741e+18
8435.903680404692,8435.904759702402,8434.348466977619,5.3601028688449856e+17,1.1117315967184878e+18
8436.096358106653,8436.095145081621,8435.625514695292,5.354968127758596e+17,1.1112443952179283e+18
8439.066651779995,8439.065954245249,8441.359453432466,5.35731754643898e+17,1.1118847737656762e+18
8438.889574082012,8438.889935901225,8439.808832935718,5.3604999810399245e+17,1.1121788725909253e+18
8434.160232562797,8434.158205044801,8432.238691919867,5.3573510043727226e+17,1.1112184753479336e+18
8441.296973451792,8441.29319405141,8440.139733443551,5.3611668104539456e+17,1.112574363578699e+18
8440.429086846812,8440.428024554376,8443.380691747325,5.357547780744361e+17,1.1120938285598287e+18
8441.190828337234,8441.18953281131,8445.988706508097,5.358610423279641e+17,1.1123040799251791e+18
8417.84445723437,8417.844263062669,8415.711991291406,5.336865372624525e+17,1.1069455405883656e+18
8436.187034817083,8436.182775295028,8436.828904782175,5.3556513141097146e+17,1.1113250633727722e+18
8437.375474380377,8437.375255240648,8436.073804445838,5.35614572158446e+17,1.1115367829453158e+18
8420.957072516763,8420.951710824767,8415.872733272174,5.340903064079863e+17,1.1077734020873766e+18
8432.459372298734,8432.456566259323,8431.747801246995,5.353455842862558e+17,1.1105968449355288e+18
8422.499266437722,8422.498531777706,8420.863783109531,5.3459475505730054e+17,1.1084879105610084e+18
8424.146587292926,8424.145847065825,8426.218170165674,5.34278386608399e+17,1.1083959629728913e+18
8439.134772391828,8439.134389102866,8442.49451694255,5.354882801751153e+17,1.1116505743554282e+18
8437.200507752392,8437.199103477928,8437.890798068149,5.3523620000943635e+17,1.111134475775577e+18
8426.738624304862,8426.734919017392,8425.548441379025,5.3427490809948166e+17,1.1087459215964059e+18
8408.031484669897,8408.03017174759,8406.250524612251,5.319373433329961e+17,1.1038605813508297e+18
8409.942702524038,8409.942700868654,8408.378149125483,5.3228251762932883e+17,1.1044657859826057e+18
8425.798291249423,8425.79732400008,8427.559652914899,5.3347506280028186e+17,1.1078178008746717e+18
8434.606650512307,8434.603512833639,8434.4484818572,5.353516307498509e+17,1.1108958839631309e+18
8434.85634362182,8434.85300849149,8431.7668516599,5.3595174488606944e+17,1.1115301473613865e+18
8429.216312293174,8429.214591763212,8431.577246117176,5.3437806210774246e+17,1.1091868572118483e+18
8435.811688208825,8435.812357489816,8435.55436518007,5.356485531022208e+17,1.1113572745479657e+18
8435.5221585312,8435.520810691036,8438.318183983323,5.349390576342809e+17,1.1106081857204381e+18
8437.362566945836,8437.360196085821,8439.536580736047,5.347481897357967e+17,1.1106685522955663e+18
8437.399966282928,8437.39910372917,8435.41597620002,5.364017087419828e+17,1.1123272799997805e+18
8412.396331937694,8412.395190704709,8409.826390874961,5.331070600041005e+17,1.1056242747208346e+18
8440.26775446919,8440.266877680238,8440.45109510155,5.360627160218426e+17,1.1123798027965929e+18
8443.347533715307,8443.345804802337,8445.279404942874,5.358467736221403e+17,1.1125844798027885e+18
8437.513481833033,8437.51163771814,8438.194099809878,5.3520625446346304e+17,1.1111472566268891e+18
8434.038828253864,8434.037225661668,8434.1204271531,5.3541157562842336e+17,1.1108783336126967e+18
8421.212625980099,8421.21074780025,8423.18210333327,5.335661063611146e+17,1.1072838475977198e+18
8425.692179104874,8425.691131026975,8427.451167433563,5.342315334389363e+17,1.1085598054393527e+18
8423.60316186008,8423.59943782067,8422.286108637774,5.340828451699308e+17,1.108126437337637e+18
8435.460468580775,8435.457429876398,8434.11194365438,5.3521439799655245e+17,1.1108752089467409e+18
8437.283352688,8437.282484119332,8439.921175395293,5.352821508659429e+17,1.1111916879103268e+18
8444.742898027158,8444.740921078297,8445.48049466422,5.367645916811689e+17,1.1136929688785475e+18
8421.998553254512,8421.996355060404,8425.06622622888,5.332921342614059e+17,1.107116940138811e+18
8430.88067596145,8430.878791258156,8429.761049704983,5.3487481407163e+17,1.1099107118257071e+18
8438.96823708269,8438.965902542153,8438.753028670057,5.353746022009394e+17,1.1115142456169783e+18
8435.43408164768,8435.43462813406,8434.896337173857,5.352758974750232e+17,1.1109330868985294e+18
8422.223571508212,8422.221564900974,8423.219425819168,5.3364496784950074e+17,1.1075004882129647e+18
8438.33486256527,8438.333925432555,8441.067608013831,5.3555961940579885e+17,1.1116127103364621e+18
8417.952208361918,8417.952475086026,8420.219945767896,5.3301715395861005e+17,1.1062907243743599e+18
8439.300410207896,8439.301346720651,8441.267106827318,5.358367984449024e+17,1.1120217444659059e+18
8431.767695006682,8431.766091837893,8432.951967547056,5.34709001235121e+17,1.1098658481738456e+18
8418.520344211507,8418.520491373758,8418.271681584483,5.33167012638053e+17,1.1065180294941384e+18
8437.595043789792,8437.59482171315,8437.314414040779,5.361593628334905e+17,1.1121115236430002e+18
8433.680540508534,8433.679638106014,8435.355010310554,5.354180254235166e+17,1.1108358519919898e+18
8436.585158450169,8436.583062716802,8436.996606732964,5.35501608192203e+17,1.1113158900954327e+18
8436.299227542146,8436.29710779497,8431.143025488012,5.359051523434271e+17,1.1116805420949443e+18
8437.037503092046,8437.036583585872,8435.2819073146,5.3554407036247315e+17,1.1114201545266074e+18
8426.89239554813,8426.88983648553,8425.57516081507,5.345177237385985e+17,1.1090097064807826e+18
8423.785037831689,8423.783630151338,8425.815738739297,5.330517331492504e+17,1.1071200313604421e+18
8434.138229951906,8434.137429415765,8430.936993237574,5.356056227581893e+17,1.1110860267831144e+18
8432.258927306819,8432.258308845352,8431.523207569826,5.3500422687794464e+17,1.1102281402646181e+18
8414.986195989557,8414.985456429487,8413.98769669352,5.3316747191523955e+17,1.1060372155680526e+18
8444.67310331938,8444.671557294732,8446.716739962794,5.361934341806281e+17,1.1131122425382964e+18
8418.285965783609,8418.286334342629,8418.063056327053,5.334297222377358e+17,1.1067488137878104e+18
8438.049536459966,8438.045516822944,8440.928060962424,5.352536360444451e+17,1.1112677677566218e+18
8434.28776412165,8434.28692771164,8436.669192994026,5.349154670983864e+17,1.1104161391116991e+18
8429.844124212106,8429.842996386684,8430.19348307307,5.338099717584069e+17,1.1087044439221507e+18
8436.507989590573,8436.508536349593,8436.146375964598,5.354362017415397e+17,1.1112399689838132e+18
8439.555838774375,8439.54963488359,8439.43671647902,5.3556730754440205e+17,1.1117871840774796e+18
8430.863675152485,8430.862296203113,8429.67800270577,5.3514460739456154e+17,1.110178187675101e+18
8445.539298391497,8445.537375512567,8442.030015898592,5.369292794457018e+17,1.1139665841564799e+18
8399.362759475358,8399.3600737175,8403.036849291693,5.304678647660208e+17,1.1012122643613934e+18
8459.554502889212,8459.550446814694,8459.772082254201,5.386150882727573e+17,1.1175690531976627e+18
8423.549270449459,8423.546593824678,8426.51447613416,5.3362315158974195e+17,1.1076592927336392e+18
8437.893294458558,8437.891516278443,8436.07069211312,5.35663783778881e+17,1.1116567008387604e+18
8434.595545389599,8434.596343045887,8438.645947093306,5.35099143966295e+17,1.110641777346519e+18
8435.199416752606,8435.199086332286,8436.889308685955,5.352604674094143e+17,1.1108855737257898e+18
8429.616924754097,8429.614746450035,8427.598875705457,5.339773885792313e+17,1.108840930894621e+18
8430.849601091524,8430.848419653628,8430.598252298852,5.3460907890446976e+17,1.1096407161858939e+18
8430.63866268593,8430.636765950585,8426.140707155531,5.35056612416602e+17,1.1100595808069618e+18
8420.438339431252,8420.435314869004,8418.523125845333,5.333984425443079e+17,1.1070107840076056e+18
8439.88086751997,8439.880846531356,8436.605947571548,5.3664860418574125e+17,1.1129129431778972e+18
8438.074044556435,8438.072200583858,8441.543545338565,5.3510745812473274e+17,1.1111249212248104e+18
8438.122991123459,8438.122454952361,8437.170622549,5.359806995836255e+17,1.1120049549068573e+18
8427.873782583352,8427.874210436901,8424.858449504176,5.343301282455018e+17,1.1089559702684122e+18
8435.946490999026,8435.942629438658,8438.480109285454,5.352841253258689e+17,1.1110111771990601e+18
8440.707935947348,8440.704530478957,8443.962461839043,5.360284900559529e+17,1.1124056150471302e+18
8436.228158275222,8436.227516880237,8437.346111222265,5.351802011674195e+17,1.1109457346003145e+18
8430.23010627261,8430.228948618655,8430.31728238648,5.35650045489474e+17,1.1105971713908623e+18
8436.242213725649,8436.23959119841,8435.166687045306,5.356450021083102e+17,1.1114125084442628e+18
8421.366798039046,8421.36552740676,8423.80169125995,5.332357788178825e+17,1.1069745155033844e+18
8412.580452219083,8412.577249095408,8415.208926249506,5.321981978043195e+17,1.1047403454534248e+18
8416.938040845554,8416.937771627427,8419.590910358434,5.327928406330838e+17,1.1059282775659432e+18
8441.992670734042,8441.992354008988,8441.207465952477,5.363920057282838e+17,1.1129447015343361e+18
8438.468624362025,8438.467322159688,8439.73894801777,5.3568069711037274e+17,1.1117520872649795e+18
8421.468188237968,8421.46731565418,8420.610549651814,5.3369190859214694e+17,1.1074445420293961e+18
8436.655760432383,8436.654080695607,8439.202320096958,5.3522861157866464e+17,1.1110524780619644e+18
8434.049889837415,8434.050052912888,8434.118236779825,5.3470939870321114e+17,1.1101776665127122e+18
8419.664439813585,8419.664177272933,8416.00503701832,5.33842826638549e+17,1.1073497777695992e+18
8432.48173843636,8432.479997786852,8436.46519601476,5.345690243768488e+17,1.1098232202906254e+18
8435.032848744897,8435.030968088406,8433.11666010028,5.3606106905606406e+17,1.1116635314608873e+18
8407.33490709764,8407.334228440777,8403.994522504318,5.3225346630606586e+17,1.1040819828586783e+18
8433.153361989122,8433.149385998855,8436.099342158355,5.352890904056738e+17,1.1106349504580641e+18
8427.785021113836,8427.782336586453,8431.021811262162,5.331338259795934e+17,1.1077474094925339e+18
8439.130415245618,8439.127563017402,8441.222709646236,5.3550370455034176e+17,1.1116654352118024e+18
8435.867470685313,8435.866802264885,8440.073683239627,5.352569059278522e+17,1.1109731306081761e+18
8423.688577321507,8423.689312355711,8425.610220324128,5.3352245271493843e+17,1.1075776064221818e+18
8440.400053168192,8440.397078563568,8437.209449624459,5.361147529897132e+17,1.1124499907403348e+18
8438.560609368433,8438.556748471734,8434.161738116105,5.3597729036098144e+17,1.1120613802173396e+18
8422.887079869452,8422.883065360973,8420.876427421792,5.3392701382556154e+17,1.1078730295704764e+18
8424.376052594964,8424.374037556237,8426.326596858537,5.338207305996348e+17,1.1079695871610683e+18
8438.071609198094,8438.070294924353,8437.619272062242,5.3554348839156314e+17,1.1115607162205713e+18
8436.179721405804,8436.176820546036,8432.54421817893,5.3588368808474515e+17,1.1116427277596662e+18
8438.4660351939,8438.464915542692,8439.773953356393,5.354077518074439e+17,1.111478787519106e+18
8421.72839134028,8421.726160158407,8418.628227582458,5.334928561373055e+17,1.1072810007356099e+18
8438.131743362388,8438.12935474174,8436.341026783237,5.356090972429782e+17,1.1116345682772959e+18
8430.446520198066,8430.443489198718,8433.199083746524,5.348119308138301e+17,1.1097885102168812e+18
8421.457609264608,8421.455321153597,8422.832679957515,5.3325334782908115e+17,1.1070044845487479e+18
8441.854950922703,8441.852766747652,8442.92624723377,5.357466700131347e+17,1.1122805085652392e+18
8436.849280679191,8436.84837010319,8436.23669791936,5.3550477024405434e+17,1.1113551318598792e+18
8435.12255718307,8435.12011093806,8437.252996987414,5.353753914904986e+17,1.1109899970128152e+18
8422.526915236167,8422.525046367951,8424.450337647815,5.3349691931042374e+17,1.1073937546437983e+18
8437.989095457775,8437.985527695906,8436.828094034936,5.3566382910953536e+17,1.1116698091070438e+18
8407.611903138948,8407.609997564963,8406.483240485875,5.3198164411074944e+17,1.1038477866849649e+18
8434.371240337137,8434.36929666697,8432.732152123466,5.351620456628775e+17,1.110674209088988e+18
8458.12292718911,8458.125870564874,8459.367648102247,5.379463537471567e+17,1.1167043617212498e+18
8434.735325593574,8434.733202456704,8431.652578598918,5.358859221802869e+17,1.1114478085323293e+18
8434.98834280988,8434.986336450687,8433.718489662388,5.35948487941502e+17,1.1115448602255121e+18
8430.674641682137,8430.672732985317,8427.922660495971,5.352639567978542e+17,1.1102717897993208e+18
8429.437298471319,8429.437732707112,8430.864654257,5.3463768903781395e+17,1.1094766468313691e+18
8437.288563600265,8437.28839531356,8438.96710076255,5.353146062196162e+17,1.1112248784147123e+18
8420.452006986028,8420.45081692311,8417.149016804678,5.3313033096317734e+17,1.1067445688497289e+18
8437.18106710863,8437.17988129285,8441.570125446933,5.34902890215856e+17,1.1107984203681857e+18
8432.437401043171,8432.432763494977,8430.213549546212,5.352528635129639e+17,1.110501163917814e+18
8421.56961309148,8421.56516132129,8423.825996805377,5.335415472975748e+17,1.1073079238807607e+18
8437.253048346025,8437.25302070496,8436.935268047524,5.351660316855063e+17,1.1110715049883233e+18
8430.591392388556,8430.588050190148,8434.93886865182,5.347449834825543e+17,1.1097412848020284e+18
8440.874099474711,8440.870843681118,8441.617397392416,5.3536581525447296e+17,1.1117656958354107e+18
8422.501990314551,8422.49868197425,8419.340560422444,5.3410538905382566e+17,1.1079989534987382e+18
8438.175831354005,8438.174137039881,8440.63338321626,5.3565227832738157e+17,1.111683663370207e+18
8437.477713962191,8437.473035796487,8438.538471574358,5.360348803257986e+17,1.111970990078434e+18
8437.745638428296,8437.744758006382,8439.556323118224,5.3486486747953664e+17,1.1108375358831236e+18
8432.890364067285,8432.889961237091,8433.821104140485,5.3491393174050835e+17,1.1102239565902376e+18
8422.760973368326,8422.758775367776,8424.033876681326,5.3397653384826336e+17,1.1079052823795862e+18
8418.543759137478,8418.541320654087,8415.007684747763,5.32946728536271e+17,1.1063010160614776e+18
8431.032135495438,8431.031726208177,8427.366475290595,5.3501086750450765e+17,1.1100674893500837e+18
8435.594671925808,8435.591947483994,8433.801393471042,5.352257903055963e+17,1.1109049292869582e+18
8444.357346825635,8444.353044488056,8445.323022360491,5.35906345957881e+17,1.1127820384856539e+18
8428.294695709012,8428.29206218612,8427.022188417584,5.3456766630905504e+17,1.1092508636779562e+18
8423.57313541772,8423.574965733358,8424.48079547398,5.335546513248638e+17,1.1075940960282463e+18
8420.278075977349,8420.278436064164,8417.814801380408,5.334793938241049e+17,1.1070699142952911e+18
8438.855668461445,8438.853627172251,8443.374399023442,5.352970310335187e+17,1.1114211867554948e+18
8440.541018353113,8440.537699629256,8440.09140094638,5.359528134098096e+17,1.1123072344080567e+18
8438.36225684972,8438.360167552823,8439.098231768661,5.3558022785383635e+17,1.1116371085022067e+18
8438.917964046608,8438.915030962846,8437.678909946344,5.35792947297344e+17,1.1119257516964691e+18
8436.249104789242,8436.246518175583,8436.670730294973,5.355410339020218e+17,1.1113094437597496e+18
8437.303250221217,8437.30068482375,8435.449326458944,5.3553227133678266e+17,1.1114446360314944e+18
8424.667847996176,8424.666781702312,8421.908665276485,5.3443017581348205e+17,1.1086189232366916e+18
8429.438278636002,8429.436486338735,8428.123975159564,5.350921192877048e+17,1.109931278650046e+18
8435.033175027977,8435.033353316343,8431.104021482552,5.3582868878200723e+17,1.1114312455756727e+18
8434.130966376018,8434.131722017226,8433.552055289583,5.350464970653412e+17,1.1105258449182198e+18
8437.254565847374,8437.25521155346,8440.485849039525,5.3573288329280224e+17,1.1116384757835439e+18
8434.098471860012,8434.096638848732,8435.733608068782,5.3569876706612934e+17,1.1111736257277729e+18
8433.651902566824,8433.650658994673,8434.087263086547,5.345854097929672e+17,1.1099993592175261e+18
8448.368008531173,8448.366283885442,8447.038338303824,5.370539073056015e+17,1.1144777630946804e+18
8439.831302582057,8439.828223090208,8438.746542013503,5.36018254034537e+17,1.1122757703025765e+18
8437.528497519726,8437.527626020645,8439.443725512625,5.3589269947863654e+17,1.1118357209686572e+18
8423.719737630152,8423.716800687896,8423.514076043806,5.3401948980420064e+17,1.1080789431703282e+18
8431.546018520783,8431.544846237652,8429.048122608378,5.348894822786884e+17,1.1100161783307725e+18
8439.354778108265,8439.35476297139,8436.682817636583,5.363535795835814e+17,1.1125460644451244e+18
8435.527238793122,8435.524786665552,8436.703578312194,5.353105761813911e+17,1.110980437799833e+18
8423.23489837711,8423.233254137556,8425.59515148603,5.3362031638147386e+17,1.107613626526723e+18
8420.129976153441,8420.129830444419,8418.33022655802,5.3402376871561574e+17,1.1075940957968792e+18
8439.613225263281,8439.610600599215,8439.070281794902,5.357572094676089e+17,1.1119849327838339e+18
8437.66612665128,8437.662738366551,8438.337773084004,5.3562199145911616e+17,1.1115838329715896e+18
8423.534542009686,8423.535642108362,8424.760995090875,5.3330793057411e+17,1.1073421073669389e+18
8414.339644340116,8414.338626299239,8412.646757620974,5.327561334552012e+17,1.1055378666391487e+18
8423.560893752854,8423.562167432052,8423.980573233102,5.332761889326588e+17,1.1073139772521898e+18
8440.163939704817,8440.162392535392,8441.036251242263,5.358514613257834e+17,1.1121543537774565e+18
8435.549388409294,8435.54851940041,8433.546112622224,5.35706591149278e+17,1.11137955468866e+18
8435.896642922533,8435.896543113451,8434.902162191067,5.3537424673517875e+17,1.111094582109241e+18
8442.163729606298,8442.162658776295,8443.966518339215,5.357645490100163e+17,1.1123405460786706e+18
8435.118460196809,8435.114936595932,8432.302944122053,5.353350804317822e+17,1.1109492493381979e+18
8427.390684884214,8427.389430744523,8424.71180120443,5.3453371897355834e+17,1.1090936778236311e+18
8434.295479308155,8434.293382993488,8433.417466297531,5.352802527613063e+17,1.1107820584024498e+18
8436.246212912834,8436.245514662041,8433.445785880402,5.355464579735174e+17,1.1113145529271963e+18
8434.845966852185,8434.84323922764,8432.819512162188,5.3544204525118694e+17,1.1110190052154386e+18
8436.296975283549,8436.297381334343,8435.58612581336,5.353546077431421e+17,1.111129579941597e+18
8436.326238009833,8436.323848930806,8434.79644516609,5.360345771179845e+17,1.1118135639609303e+18
8431.635730603066,8431.6359140142,8435.373854442088,5.346564812025083e+17,1.1097952616148543e+18
8416.328706563354,8416.324268425877,8412.308308855983,5.334166465050469e+17,1.1064692684754816e+18
8439.347777126664,8439.34993166093,8440.469408636192,5.3533540303104294e+17,1.1115268378829409e+18
8420.070515279138,8420.070091238353,8416.755062827706,5.341068814686583e+17,1.1076691452320456e+18
8436.623157664877,8436.620481366612,8438.486536409775,5.3580049100021926e+17,1.1116199239780428e+18
8445.284393800246,8445.283204056414,8441.559228580507,5.3653634894544666e+17,1.1135388270768493e+18
8421.387542168919,8421.38753144852,8417.895461900078,5.34170270198081e+17,1.1079119800442454e+18
8433.255888772452,8433.253944819126,8433.819064032941,5.3549235472805766e+17,1.1108522635381076e+18
8434.457916355426,8434.45722662858,8434.888544601217,5.348552860730392e+17,1.1103792268143055e+18
8438.17465912718,8438.171546295569,8438.810898392101,5.353250470556561e+17,1.1113563172063844e+18
8435.302855182194,8435.301974140111,8434.516074095991,5.358636782769047e+17,1.1115029635012072e+18
8437.234247984497,8437.232771894942,8436.854290906105,5.358628896926415e+17,1.1117657980093321e+18
8432.097334329399,8432.095758178173,8429.57500116065,5.35287682969283e+17,1.1104895940149294e+18
8438.179276798997,8438.176855271242,8434.933425763133,5.3596115734322835e+17,1.1119931541518257e+18
8420.594330145539,8420.594241414801,8420.168486245868,5.3406704652265805e+17,1.107700603970585e+18
8442.402584770984,8442.400996272772,8443.48185560089,5.3635264237328045e+17,1.1129612841196681e+18
8428.35769313545,8428.35802833963,8426.187633021418,5.3460216719380346e+17,1.1092939777690492e+18
8424.29011608983,8424.287394763347,8426.062650485848,5.3436156530796474e+17,1.1084987126252424e+18
8428.028073566824,8428.026448500064,8431.355607150323,5.339580626886552e+17,1.1086047874822798e+18
8434.033075260124,8434.03195747614,8433.359636581723,5.355307549671277e+17,1.1109967465861066e+18
8425.686054471555,8425.68436297186,8427.681506261239,5.3408212084827674e+17,1.1084095520371619e+18
8433.32739745556,8433.325085424154,8429.021599610707,5.3548327517566886e+17,1.1108530619920454e+18
8429.458004703982,8429.458498798082,8429.735446422254,5.3510413366823104e+17,1.1099459440319164e+18
8434.23461488762,8434.230501509857,8430.750441535993,5.361753845605344e+17,1.1116689487926822e+18
8419.703786829521,8419.70243198077,8419.111835168329,5.3338585836551974e+17,1.1068980939216292e+18
8434.44447608012,8434.444758961858,8432.673165297218,5.352870362134694e+17,1.1108091973153481e+18
8422.744331203974,8422.741573573221,8425.136563472039,5.335157611171841e+17,1.1074422139500608e+18
8440.090795148864,8440.09054976462,8438.190252539358,5.356680466935532e+17,1.1119610191606131e+18
8427.880571904449,8427.880954869937,8426.276135844839,5.3477377000558195e+17,1.1094005029235798e+18
8415.3291340343,8415.328152156462,8417.5294591938,5.321765802478959e+17,1.1050929383821276e+18
8431.276031224192,8431.275005512478,8432.262783883467,5.3464686376783296e+17,1.1097366417507206e+18
8437.674165688411,8437.672151033132,8441.078823721797,5.356373738451192e+17,1.1116002451068154e+18
8434.689968536137,8434.690036009233,8434.682684403648,5.351105962381356e+17,1.1106662163551702e+18
8421.413887908184,8421.411770367256,8419.928931401784,5.337839985294405e+17,1.1075292485692941e+18
8420.212378362608,8420.209647022919,8423.451014053899,5.332396651293815e+17,1.1068210939397632e+18
8426.839335230872,8426.837180162864,8426.138344816367,5.34867320217156e+17,1.109352053099647e+18
8421.257637500956,8421.259236794514,8420.609439992075,5.344919392484369e+17,1.1082158783207583e+18
8418.452125730204,8418.45230280166,8417.058577689864,5.33494679104185e+17,1.1068364321423809e+18
8449.869434631526,8449.867219572003,8449.441526257651,5.369703988243592e+17,1.1145994875583977e+18
8430.996733989228,8430.994502167729,8429.954073228417,5.3473778970342515e+17,1.1097895173473146e+18
8428.921192770826,8428.918679113078,8432.52016568121,5.341477523801238e+17,1.1089162676848545e+18
8419.770471516977,8419.769658355219,8416.172490388753,5.3381116649583206e+17,1.1073325609351873e+18
8408.762468243553,8408.76117047009,8407.22855666186,5.325864604898996e+17,1.1046091412850396e+18
8439.758958795324,8439.75504732777,8440.512588716689,5.3602962201514854e+17,1.1122772137265603e+18
8436.341127711967,8436.34128837648,8436.851953100442,5.356847133999205e+17,1.1114656821226614e+18
8418.563031515969,8418.56060201543,8415.37541588759,5.3355401135566675e+17,1.1069109154037487e+18
8431.310753606356,8431.309467542706,8430.304908125347,5.3460225420919654e+17,1.109696818315906e+18
8435.698820387173,8435.698816292743,8433.54954149201,5.353741988560589e+17,1.1110675617693716e+18
8421.681074679684,8421.680480466603,8421.192562982442,5.336907493367964e+17,1.1074723818152091e+18
8435.933131110214,8435.931169880663,8438.26685597086,5.349825263161019e+17,1.1107077596038312e+18
8410.543116920746,8410.543115417797,8406.57353125112,5.329359056890525e+17,1.1052009365700461e+18
8430.20264245507,8430.200685755979,8427.618491738687,5.347355446735736e+17,1.1096789906208483e+18
8428.808816815372,8428.807191946831,8427.68355480802,5.3443214801212045e+17,1.1091854545583089e+18
8420.526101666212,8420.525381468517,8420.246600503011,5.3342081175847066e+17,1.1070450698091674e+18
8436.257024208864,8436.255314444337,8433.66263609631,5.356563436083068e+17,1.1114259091859726e+18
8437.111291881396,8437.10851694953,8438.472732357588,5.350248820254138e+17,1.1109109619991752e+18
8439.056597462753,8439.054373672781,8441.622395291974,5.355822857010805e+17,1.1117339251951734e+18
8432.233371208362,8432.234467530176,8433.998547079309,5.347420255838936e+17,1.10996239030407e+18
8420.327743383878,8420.32678671629,8420.350131527683,5.332573823979976e+17,1.1068546081190322e+18
8423.012813725934,8423.011061694517,8424.51484468312,5.3343433381039686e+17,1.1073973980983279e+18
8431.57132176008,8431.570349991076,8431.110921931206,5.349668726161145e+17,1.1100969701531997e+18
8435.9110673913,8435.909896216355,8434.205561321032,5.358074903311251e+17,1.1115298121616783e+18
8436.222695155175,8436.2208746538,8438.771825143152,5.3537778036817446e+17,1.1111425326214674e+18
8433.926349146817,8433.923866686291,8431.412474897095,5.359963978130348e+17,1.1114478709633718e+18
8438.008816060037,8438.005727127544,8438.662586571081,5.354446241446998e+17,1.1114532515575267e+18
8439.105102550773,8439.10464144532,8438.762646138033,5.361864993476654e+17,1.1123448340463654e+18
8435.442665281324,8435.442493533334,8436.475300625834,5.3535031738718586e+17,1.1110086394403325e+18
8436.321545431407,8436.320936979308,8437.582928305776,5.35367302602536e+17,1.11114557974247e+18
8421.652910347377,8421.650954470355,8424.644388180628,5.3332765818379904e+17,1.1071053668132411e+18
8439.204318118695,8439.201172629313,8441.697951578002,5.352127235716631e+17,1.1113845354149545e+18
8441.020114223404,8441.019366309509,8444.796993538626,5.3566517108360115e+17,1.1120849183466637e+18
8442.426324809468,8442.423129263,8443.857290901025,5.3633103599936954e+17,1.1129429118748182e+18
8424.13592246796,8424.133162197848,8424.667800426241,5.3383430777932384e+17,1.1079504686046281e+18
8420.680440873473,8420.676108583637,8424.95702121453,5.332297490011909e+17,1.1068749223577152e+18
8435.162270419827,8435.160608259805,8436.077152625372,5.3509349304223846e+17,1.1107135487812922e+18
8421.28823895396,8421.289317533783,8423.160214983529,5.329794739157186e+17,1.1067075202855153e+18
8431.319605146855,8431.318115585098,8432.671582347008,5.3451025694663366e+17,1.109605970174937e+18
8421.212411905019,8421.211673925645,8418.114177216117,5.3446281825351475e+17,1.1081806556700626e+18
8432.455484369957,8432.45275613852,8433.239412438254,5.347561439335942e+17,1.110006837081354e+18
8426.738225079942,8426.7376171875,8428.449601042674,5.3376239392750515e+17,1.1082332811685938e+18
8419.787947600184,8419.783327789144,8419.680302798934,5.335559168058681e+17,1.1070796057456172e+18
8434.95613683465,8434.95742238481,8432.804407296477,5.3512022682297056e+17,1.1107122255448845e+18
8440.693970922764,8440.69073902466,8437.709661199478,5.362632048182723e+17,1.1126385772824529e+18
8420.024252621099,8420.02200305067,8421.522852271382,5.3307794663712896e+17,1.1066337886830104e+18
8432.482007763352,8432.4827959051,8433.845309414164,5.344813494212952e+17,1.1097356470021073e+18
8418.444216143958,8418.444324382404,8419.7227672836,5.3310120356063046e+17,1.106441813152773e+18
8437.46541829835,8437.463194104414,8436.382320127748,5.3563296831232954e+17,1.1115674526136266e+18
8434.12718178141,8434.125348777421,8434.248328494266,5.352999068557713e+17,1.110778720903273e+18
8423.776238860468,8423.773828639361,8425.469444144512,5.3318597953263334e+17,1.1072530868238853e+18
8434.657251422024,8434.654293315343,8434.646952394436,5.3533273468059334e+17,1.110883889863546e+18
8436.292390094675,8436.291105295755,8439.034354368001,5.3533184991377274e+17,1.111106110663009e+18
8421.742211693014,8421.741476840802,8417.351185912605,5.337878195340969e+17,1.1075778792660612e+18
8421.652652022416,8421.649178870612,8422.49524351778,5.334246089335791e+17,1.107202335533723e+18
8420.254005285653,8420.24907136444,8416.890379173918,5.3395521446907923e+17,1.1075424778086199e+18
8436.535887116734,8436.534437783754,8437.885855338509,5.3521643171732845e+17,1.111023964640203e+18
8422.32690325026,8422.323139982356,8421.171098906501,5.337870385845257e+17,1.1076566934616563e+18
8438.971758388232,8438.971716220249,8439.69915308856,5.353756866996358e+17,1.111515787557707e+18
8435.111928028551,8435.110328701445,8433.012043948258,5.358489230877843e+17,1.1114621827554157e+18
8437.073061987425,8437.068183211288,8440.254855203253,5.354236267104826e+17,1.1113044427069349e+18
8440.012998264017,8440.011768277418,8435.019974157749,5.3653079032299066e+17,1.1128132154674833e+18
8436.09852404862,8436.097104531125,8436.41621018072,5.355937134759406e+17,1.1113415720211834e+18
8433.640247647352,8433.64251445339,8436.472377217175,5.349929188155522e+17,1.110405218463346e+18
8418.176705870866,8418.173507160607,8419.710518289143,5.330591792789211e+17,1.1063633454049207e+18
8437.978673721704,8437.975677553777,8438.489345131438,5.354359868339772e+17,1.1114405025537504e+18
8433.985708555972,8433.985329945082,8432.325200798223,5.3590490892540077e+17,1.1113644612185851e+18
8435.106626756355,8435.103294682218,8437.879191568072,5.352659184605976e+17,1.1108783338785444e+18
8423.194669090215,8423.192085147624,8424.499181548055,5.337551271474649e+17,1.1077429806598477e+18
8422.086365146717,8422.083843768454,8424.174356066398,5.336119417513904e+17,1.1074487378941215e+18
8420.168164077506,8420.166545993248,8423.22281563046,5.331204826583241e+17,1.1066958923182598e+18
8420.987763441197,8420.986160528279,8420.787347971434,5.335517939859011e+17,1.1072389505804088e+18
8437.476637451631,8437.476137028269,8439.138403328949,5.354717175675491e+17,1.1114076654586017e+18
8438.36800408326,8438.366884407169,8439.909531803874,5.351843126674664e+17,1.1112419580325603e+18
8428.316885415741,8428.31719666834,8427.970206487284,5.3443704675405434e+17,1.1091232472179293e+18
8437.78842384194,8437.787447666014,8439.444394328744,5.3529517243418995e+17,1.1112736858761155e+18
8420.500659435407,8420.499140193087,8421.26697885014,5.333758707321814e+17,1.1069966365612641e+18
8458.596977428133,8458.593411905495,8461.790776912916,5.375958872408593e+17,1.1164187235969313e+18
8431.616044700466,8431.615692421841,8426.09950395311,5.3530713897031386e+17,1.1104434629420268e+18
8417.51753296136,8417.515767564204,8415.801831683917,5.335490999443703e+17,1.1067635664537673e+18
8440.724806168435,8440.723435707889,8444.292201304495,5.355572943720177e+17,1.1119367155849352e+18
8416.966807200437,8416.965472605392,8412.168925795684,5.3321787015413664e+17,1.1063574088634653e+18
8425.523898905398,8425.520360898066,8427.044130551638,5.339322174891552e+17,1.108237554349284e+18
8432.835171097302,8432.835130364023,8430.107236988126,5.3512967430816826e+17,1.1104322590326278e+18
8433.662834359198,8433.659534837694,8435.029428413172,5.342864758786676e+17,1.1097018939480538e+18
8438.486698742496,8438.482987459647,8439.506411695813,5.3540682504282906e+17,1.1114806891908943e+18
8434.996269882093,8434.992584646969,8434.79228052208,5.355736325184396e+17,1.1111710602696119e+18
8425.125504689235,8425.12584505814,8426.839228229795,5.334585307173604e+17,1.1077095529254289e+18
8432.313622275413,8432.310765323913,8430.403748529754,5.3521018105672224e+17,1.1104415858055223e+18
8421.498854206253,8421.496841429722,8421.119238891823,5.3368014641593696e+17,1.1074369465668973e+18
8427.327114364141,8427.325952980533,8427.738266568707,5.346375807279092e+17,1.1091887949480823e+18
8432.827081049127,8432.828063800884,8427.397564768273,5.3554914591112486e+17,1.110850693689417e+18
8419.82740908952,8419.826715648313,8418.256952675605,5.336700768084845e+17,1.1071991778668947e+18
8436.862373066724,8436.860298352305,8437.946976488172,5.357950722865805e+17,1.1116471790629664e+18
8434.82293925064,8434.820337311645,8437.420813810255,5.3455367542961075e+17,1.110127378105397e+18
8417.663879300222,8417.661560299544,8415.905534153444,5.33366674124267e+17,1.1066010735892447e+18
8416.809648502538,8416.808122337847,8418.493461603726,5.3281960116432634e+17,1.1059375769278854e+18
8428.853255035874,8428.851387773775,8423.35574352856,5.348522549898434e+17,1.1096117301703556e+18
8440.066750072932,8440.063880126516,8439.667346442351,5.3549501631852525e+17,1.1117846679635479e+18
8422.81792565759,8422.813543035321,8419.776944344558,5.340475645033535e+17,1.1079841812630167e+18
8438.03768089611,8438.038437529147,8438.066555449615,5.352620647284046e+17,1.1112746484709135e+18
8436.48094467629,8436.480435022186,8435.463705751452,5.358956051946801e+17,1.1116956969804639e+18
8436.904525223928,8436.901271415201,8436.931416425885,5.357143795915313e+17,1.1115722667286354e+18
8423.236951704264,8423.23561870107,8425.363704828396,5.331487444450633e+17,1.1071423402132916e+18
8434.35627889603,8434.353087286054,8433.521996514732,5.356770392608902e+17,1.1111871409902195e+18
8433.174167511843,8433.17342359134,8436.398562072989,5.3483130847339226e+17,1.1101800005140058e+18
8418.95295293634,8418.952917656632,8418.245015756906,5.332956513109083e+17,1.106705607462487e+18
8434.534647300752,8434.530830271735,8432.627440628745,5.352111315812124e+17,1.1107456017349115e+18
8434.904287376776,8434.900805618661,8434.037529799662,5.352782379038935e+17,1.1108631285179035e+18
8433.16406349512,8433.16007852961,8433.417947310989,5.3521395039583136e+17,1.110561337354515e+18
8435.768326834042,8435.769657480181,8440.505332765906,5.3526491874255443e+17,1.1109675979516913e+18
8439.452024874876,8439.451279555531,8439.700380742024,5.353772147106017e+17,1.1115829062066866e+18
8436.438303583647,8436.437216336824,8435.62661392004,5.3554358298518176e+17,1.1113378490796663e+18
8435.000014703826,8434.999845836106,8435.46073131882,5.354717003520016e+17,1.1110696227209509e+18
8424.111717353748,8424.109121673366,8426.013595942806,5.337034743591231e+17,1.1078163020616169e+18
8426.466202732445,8426.464646100168,8425.403396852882,5.340498569731205e+17,1.1084837246530595e+18
8425.378366639115,8425.376025655754,8429.709453640446,5.341110498301136e+17,1.1083964775661014e+18
8420.494765090272,8420.492467756858,8419.149684816439,5.3381908802532026e+17,1.1074391030086194e+18
8424.908504231995,8424.909320377523,8426.974171383024,5.3409774802353434e+17,1.1083191806824978e+18
8438.5861889694,8438.584048854267,8436.592620166926,5.3593008785868077e+17,1.1120176106602098e+18
8429.088172273812,8429.086918565074,8425.065485925936,5.3557721471514746e+17,1.1103686916312515e+18
8436.785009724203,8436.783856727045,8437.651276861066,5.3501623095924026e+17,1.1108577824342239e+18
8436.27821327588,8436.27749109199,8436.835755269889,5.35646220450224e+17,1.1114186002163796e+18
8435.588741633903,8435.587959421926,8438.913196207313,5.349452066474107e+17,1.1106234093926294e+18
8424.436865990601,8424.43595226336,8428.0672221905,5.3353782557662784e+17,1.1076949298507718e+18
8437.311924838828,8437.31135254999,8434.788962271878,5.35650463362343e+17,1.1115640288564783e+18
8429.344717716618,8429.345316524783,8433.409939112922,5.341116793231577e+17,1.1089379449039912e+18
8423.327831758219,8423.327273875046,8422.92304994423,5.338547360360146e+17,1.1078607803873371e+18
8418.819064095118,8418.814417104226,8421.755404123613,5.3316081281016666e+17,1.1065524407930829e+18
8437.292203579209,8437.292843309544,8437.27369886345,5.357919714593932e+17,1.1117027826311983e+18
8426.782669315871,8426.780128181328,8426.086738287102,5.3435553072076774e+17,1.1088325373088736e+18
8434.390469723066,8434.38957947139,8432.057330266112,5.356130849203464e+17,1.1111278897421978e+18
8417.3986498173,8417.398922386174,8414.80038775385,5.333823195028879e+17,1.1065806165808718e+18
8424.88519825585,8424.885496666615,8427.364877273929,5.3383691214594445e+17,1.1080551576025612e+18
8464.493496120704,8464.491341634297,8466.558304489987,5.388688290756645e+17,1.1184989738530506e+18
8433.467042581653,8433.465622396085,8432.769283074706,5.3564602360795085e+17,1.111034776003879e+18
8414.827487807897,8414.82694871524,8415.249211163897,5.3281785335364294e+17,1.105665953250581e+18
8411.93842083801,8411.937692474788,8410.713673907741,5.325777275954759e+17,1.1050325832401102e+18
8419.049106389852,8419.047664587977,8422.177817669695,5.3246814501644256e+17,1.105891104259117e+18
8420.909367211741,8420.90789894827,8420.462332927316,5.330357150028446e+17,1.1067121961237422e+18
8423.208484348375,8423.206807182942,8422.556358901209,5.3384806262352986e+17,1.107837847397421e+18
8440.435374704224,8440.433178198162,8438.368257188433,5.35907562029049e+17,1.1122475956594852e+18
8434.434283176379,8434.430894071156,8430.640268157335,5.35439769848192e+17,1.1109605900271606e+18
8420.004860740833,8420.005181853807,8423.706935691354,5.327116186841724e+17,1.1062647643427295e+18
8436.422832721464,8436.421048182725,8435.335097147808,5.358950451434917e+17,1.1116872062802574e+18
8439.189691922158,8439.185986803088,8441.920376466816,5.353583306300119e+17,1.1115281394411692e+18
8436.750843422638,8436.751752354245,8435.736959791668,5.3513925183795616e+17,1.1109761859649286e+18
8436.407553502399,8436.405984430745,8437.37830946418,5.352903355179377e+17,1.1110803600091023e+18
8439.661326828289,8439.657986932536,8436.660777436162,5.3616463735673984e+17,1.1123989900228284e+18
8434.825807475705,8434.824058443344,8437.847405616072,5.348767565275505e+17,1.1104508401442627e+18
8431.55430023783,8431.552152352151,8431.593369892069,5.353973202791579e+17,1.1105250833216319e+18
8418.022320602657,8418.021985821451,8415.404430509252,5.336394743052135e+17,1.1069227150368452e+18
8435.735601529632,8435.732374358013,8437.187064673699,5.350962958325622e+17,1.1107945897873384e+18
8435.651141579801,8435.649018675438,8437.169315326466,5.350147269731454e+17,1.1107014913630214e+18
8420.623564107249,8420.622011976957,8418.895992529004,5.338078023407257e+17,1.1074453749816502e+18
8422.941621815176,8422.941333172661,8419.40351915411,5.343268543522701e+17,1.1082803410121617e+18
8420.634548789345,8420.63303257367,8420.65098042161,5.338171153621867e+17,1.1074561414884396e+18
8417.817669615772,8417.816811068458,8417.930265433257,5.332124588738643e+17,1.1064677582021197e+18
8441.460365710756,8441.456756933032,8444.600845504438,5.360016904948232e+17,1.1124815828383437e+18
8436.269863152675,8436.265926858097,8436.405910775624,5.3540439243956486e+17,1.1111756428669449e+18
8422.66609247888,8422.664621668751,8419.504103846173,5.336588452693263e+17,1.1075747731747325e+18
8422.72294738109,8422.723293125344,8421.212579552759,5.339101830296495e+17,1.107833818234229e+18
8438.27910468485,8438.278143596759,8439.89097634156,5.351168473468665e+17,1.111162353334317e+18
8434.476877405323,8434.47728897934,8433.730840263626,5.349270818938872e+17,1.1104536393985722e+18
8452.684949952085,8452.681442781563,8455.09499505087,5.3752360692308205e+17,1.1155376239110455e+18
8418.197541098847,8418.19523121161,8420.066382373954,5.3366306573109715e+17,1.1069700614629674e+18
8435.145158435476,8435.145109310695,8435.61075573815,5.352772064193112e+17,1.1108949378314853e+18
8435.25389861948,8435.251602040433,8438.33384150669,5.3537439690359616e+17,1.1110069045691355e+18
8423.194134195077,8423.190245455948,8420.402825761243,5.3425943816299994e+17,1.1082473201068722e+18
8436.925297480386,8436.921876088401,8437.048616554557,5.3581555079774726e+17,1.1116762711543916e+18
8439.129629414647,8439.126310332473,8441.25430304387,5.354906225140426e+17,1.1116522450711384e+18
8435.177882460566,8435.176298113467,8437.795928651964,5.35111017902349e+17,1.1107331621827574e+18
8431.258807813441,8431.256100226761,8431.592210951481,5.347176626889368e+17,1.109805107269465e+18
8436.624450730425,8436.622797919574,8440.0811667555,5.354931948070532e+17,1.1113127647963489e+18
8435.52534663705,8435.525267682271,8436.286898132683,5.354001963612793e+17,1.1110698100040603e+18
8433.263179257085,8433.260983922817,8436.503448132486,5.3502828562861555e+17,1.1103891228959881e+18
8415.560993491763,8415.559888974043,8418.78801219844,5.322972739851727e+17,1.105245177193009e+18
8437.272957917128,8437.272639993844,8441.968452276133,5.354126415436751e+17,1.1113207085238604e+18
8434.559362800635,8434.556871522858,8437.287933821715,5.3503727924216115e+17,1.1105750074883258e+18
8435.652734031815,8435.649979678221,8436.108548773584,5.358242899114086e+17,1.1115112979806204e+18
8430.515603823646,8430.51537695704,8428.038292611018,5.3478995793675334e+17,1.109776090228948e+18
8435.8573496387,8435.856352023951,8435.690999078139,5.356867795007883e+17,1.1114017311108397e+18
8434.720030490713,8434.718598652646,8433.590231548074,5.356126331012682e+17,1.1111723836939704e+18
8418.388085199998,8418.387166944456,8419.780802250005,5.335234308415087e+17,1.1068563920066039e+18
8433.194486910725,8433.19404226061,8432.290643712828,5.3507369892792384e+17,1.1104252658091359e+18
8418.16758292619,8418.167149424338,8421.342986401245,5.324652940060444e+17,1.105768176926724e+18
8421.123593388827,8421.122211966664,8423.283722588469,5.3346102117288634e+17,1.1071666265868557e+18
8435.687844300488,8435.687852173876,8433.292623091445,5.3532383152236365e+17,1.111015702405555e+18
8428.584634954745,8428.581010937549,8426.378029922698,5.3481280627343194e+17,1.1095355664527342e+18
8417.051967155157,8417.05089593514,8415.938444022311,5.3335876490119635e+17,1.1065098102617135e+18
8417.614697726833,8417.61178317586,8415.683662737954,5.33080573669418e+17,1.1063082789923464e+18
8434.851652834788,8434.85084350181,8435.396045924854,5.3541613070732006e+17,1.1109938029808218e+18
8432.085246726843,8432.08458632415,8435.059783528892,5.347132977011336e+17,1.1099134234658313e+18
8439.198176438202,8439.19541699941,8441.46421503545,5.356983048572042e+17,1.1118692837194232e+18
8451.274435647076,8451.273127717892,8448.155786219013,5.3755378444376986e+17,1.1153750463422902e+18
8433.6575313394,8433.65627579807,8434.85185795689,5.349529097552965e+17,1.1103676084598858e+18
8410.030784490964,8410.029253612618,8413.099115413757,5.319989024752534e+17,1.1041940420134066e+18
8429.476643083739,8429.475619907853,8427.592668977199,5.351842982523474e+17,1.1100287041981484e+18
8426.071758950804,8426.070642138275,8426.8417960249,5.343731343169532e+17,1.1087531792721859e+18
8438.38355749024,8438.382784965765,8441.544726251725,5.3504044161373094e+17,1.1111001703763611e+18
8418.806956200524,8418.80608593376,8418.02819191176,5.334590624155966e+17,1.1068491329868896e+18
8418.961493752786,8418.960207546585,8421.10079081451,5.328693217648557e+17,1.1062803709193829e+18
8424.59785172484,8424.597027818041,8425.535092037106,5.3335181293076294e+17,1.1075309276476023e+18
8415.233241961894,8415.23154780846,8417.893561068175,5.328496331625604e+17,1.1057529233150514e+18
8412.987496834698,8412.982079251657,8411.609624126178,5.327079604411497e+17,1.1053056136108393e+18
8439.909645917769,8439.90781438182,8443.405212837639,5.352402236889231e+17,1.1115083247404812e+18
8413.498121754816,8413.496771315888,8416.874559041973,5.3274079043833715e+17,1.1054078356488756e+18
8433.04952282082,8433.046695982674,8435.024143961353,5.35123471423776e+17,1.1104551869252059e+18
8434.616245361654,8434.615435968917,8433.83966715972,5.3539151178714016e+17,1.1109370897511862e+18
8436.515428768327,8436.515278241252,8430.862739265764,5.357311553316444e+17,1.1115360691170113e+18
8437.370431643421,8437.367722615694,8438.557932583682,5.3515902302273434e+17,1.11108048369998e+18
8431.37952773187,8431.377520456477,8429.637444312148,5.348269222972614e+17,1.1099308867552741e+18
8433.817602671817,8433.816999569324,8433.789633043463,5.3514878723675565e+17,1.1105853592437143e+18
8422.458408609797,8422.458155756427,8424.657500778067,5.332650948075232e+17,1.1071525875038292e+18
8434.033179413931,8434.03296840362,8434.856857858726,5.3491520756012224e+17,1.1103811763021446e+18
8432.50024498689,8432.499390167159,8433.755567074808,5.3491204417070406e+17,1.1101688326744539e+18
8430.701257551724,8430.701329997482,8431.391225800715,5.3483065478703366e+17,1.1098420331976778e+18
8433.178196011451,8433.17454622659,8433.007243147384,5.3551467148483245e+17,1.110863997333399e+18
8416.785923901974,8416.783634604926,8417.610790519839,5.328603926647844e+17,1.1059751587578323e+18
8436.655094276886,8436.65312425267,8439.500057996727,5.353150601333498e+17,1.111138828285574e+18
8417.839500614138,8417.83889345516,8416.257313153008,5.33283254071837e+17,1.1065415686983496e+18
8431.329261812512,8431.329100990828,8431.03844063789,5.3497109559093286e+17,1.1100681668602132e+18
8411.572876553937,8411.571046801866,8412.10115612922,5.3308701272009734e+17,1.1054920736069537e+18
8436.750959968542,8436.749340108981,8439.084698971998,5.346012786946285e+17,1.1104381457633121e+18
8432.342374616734,8432.340894292593,8432.003027193556,5.3521903550017965e+17,1.1104543241861279e+18
8433.320184448092,8433.319608153186,8431.060402150795,5.359081587017007e+17,1.1112769106292067e+18
8514.787802647685,8514.785209039388,8516.213014388715,5.456669923865683e+17,1.1322057072113862e+18
8416.851809793023,8416.850915088671,8414.132598891934,5.331808262565839e+17,1.1063046525857649e+18
8411.491139088732,8411.491903945453,8415.86990604468,5.321888489562127e+17,1.1045826903108439e+18
8417.51053608426,8417.50913878156,8413.953462714517,5.330154035592149e+17,1.1062289626398332e+18
8430.195277880674,8430.192656810908,8432.696345818185,5.3441520641036224e+17,1.1093575219000136e+18
8437.289025210874,8437.286055801735,8436.601461578735,5.358011473463187e+17,1.1117115412025373e+18
8434.23756003145,8434.234293575031,8434.98645180124,5.353348192637333e+17,1.1108286805522496e+18
8421.201078166641,8421.198170511478,8422.482717425977,5.3341801982369555e+17,1.1071342046275991e+18
8430.73061184306,8430.729903214018,8429.14971273385,5.3468640615857837e+17,1.1097018449968195e+18
8434.422924945338,8434.423001328598,8434.528081487018,5.3535628233134054e+17,1.1108754558793814e+18
8411.473179195862,8411.471008256116,8412.577244170443,5.320825288531107e+17,1.1044740068406225e+18
8437.348010537333,8437.347863214285,8437.189673498842,5.354383546418784e+17,1.1113567878222476e+18
8417.473149419406,8417.46915448502,8412.005205752619,5.3365722629409645e+17,1.1068657407124626e+18
8419.222820568024,8419.221318957207,8421.25179312147,5.3357331627505075e+17,1.1070199663772575e+18
8440.127365339575,8440.123525789208,8441.123695112594,5.35576351250578e+17,1.1118742459690047e+18
8435.79963851506,8435.79726127295,8431.611401802986,5.3551398231133965e+17,1.111221156455908e+18
8434.058955299412,8434.057209065018,8438.04244317679,5.3509398655551334e+17,1.1105633944489245e+18
8435.679700731978,8435.680253266019,8434.856915168613,5.354328143273356e+17,1.1111235347427608e+18
8435.275536327783,8435.273966968736,8438.216047999356,5.350734613609426e+17,1.1107089256562341e+18
8433.625661969912,8433.6216831069,8432.812917138712,5.3527620534515834e+17,1.1106866049897834e+18
8432.615536657222,8432.614403550097,8432.68501052553,5.351828561792961e+17,1.1104554043331142e+18
8431.480969939861,8431.479603117814,8432.211754717744,5.346548544116688e+17,1.1097725964470986e+18
8436.12233212292,8436.121687708419,8432.430025759923,5.3623732317486534e+17,1.1119885307860489e+18
8415.594732293242,8415.596216428326,8412.914501068377,5.3335453347789414e+17,1.1063071767345367e+18
8433.804410239041,8433.801203525702,8434.018711087576,5.352528752045012e+17,1.1106876409803219e+18
8436.85062304742,8436.850921503286,8435.381083439772,5.361567165474516e+17,1.1120072826426344e+18
8420.337461004134,8420.334424445668,8420.91895698317,5.331967302892362e+17,1.1067952661206011e+18
8418.837113650723,8418.835860332121,8422.360909485194,5.3286622922836365e+17,1.1062603013308632e+18
8441.644412768268,8441.641857450879,8445.924852095179,5.3579648727987795e+17,1.1123014893147082e+18
8432.448186526224,8432.446972574999,8435.860978690374,5.352981274810917e+17,1.1105477597994924e+18
8443.534341741453,8443.531418807643,8445.336941615633,5.357356264161941e+17,1.1124988565888102e+18
8439.586930564761,8439.58468296821,8439.329244686958,5.3528206103150285e+17,1.1115061866591398e+18
8437.141399365777,8437.140318282756,8440.560837516045,5.3514164274421645e+17,1.1110317817586697e+18
8417.958738353513,8417.955512654044,8417.028788896636,5.333568399482489e+17,1.106631378841502e+18
8421.77600030513,8421.774095334447,8422.619052882546,5.3342006819570656e+17,1.1072146026533376e+18
8428.735792912887,8428.734171018456,8427.238250447423,5.350220817982841e+17,1.1097654387279023e+18
8436.292951404395,8436.290741876055,8433.965037691532,5.35986557648453e+17,1.1117610206545832e+18
8438.187235628367,8438.187265084865,8441.128958485091,5.3573703618897165e+17,1.1117699662519958e+18
8421.318380451517,8421.318115338112,8421.556297941237,5.333860036893181e+17,1.1071181974709553e+18
8433.028485762505,8433.027140281905,8431.316689514511,5.354318342155289e+17,1.1107607705973757e+18
8435.282657530724,8435.280588400552,8435.53605926265,5.3549135592855085e+17,1.1111278587400284e+18
8437.36145595983,8437.357118926975,8436.459854273797,5.355793407717154e+17,1.1114996278948306e+18
8421.700131389707,8421.700021991142,8421.763410203559,5.3445046513267994e+17,1.1082346806880988e+18
8432.880521963789,8432.879499652074,8431.008713813697,5.353918015469992e+17,1.1107005529155836e+18
8434.366721214388,8434.36590278034,8435.907077982285,5.3529756390186195e+17,1.110809031840564e+18
8435.026396685069,8435.025413822623,8439.533275391732,5.3457558328609645e+17,1.1101770059515821e+18
8454.272059053197,8454.27198485779,8453.736729241606,5.381254460330737e+17,1.1163566168960485e+18
8438.285484732254,8438.283000385763,8441.162501868603,5.356522750500314e+17,1.1116986207483648e+18
8435.328038854213,8435.326819648815,8436.043630803437,5.3495730617201466e+17,1.1105999913283281e+18
8421.239370488487,8421.235059289116,8417.743092260154,5.337370815299595e+17,1.1074586020471068e+18
8436.270714706081,8436.268319627656,8433.956768393475,5.356569565693093e+17,1.1114283839375876e+18
8418.091436517403,8418.088629822945,8416.20486177469,5.3355324479708454e+17,1.1068458813372462e+18
8423.166000454657,8423.163168114646,8425.311505966125,5.337851866672679e+17,1.1077691121987333e+18
8433.249798812489,8433.248528204384,8431.992254587492,5.356723379566649e+17,1.1110314608911506e+18
8436.946340192135,8436.946369333597,8436.661306076912,5.355242897950074e+17,1.1113878928077477e+18
8435.194009964027,8435.19027988932,8434.719072238135,5.3531742322636397e+17,1.110941845258324e+18
8419.362802333571,8419.358762989137,8419.183958801726,5.334699148557873e+17,1.1069356884860488e+18
8436.15855274868,8436.155391522789,8436.198745638307,5.3536207413487296e+17,1.1111181332776178e+18
8433.934044808619,8433.93341480182,8432.019691203821,5.357911871155831e+17,1.1112436955763707e+18
8435.706215063128,8435.704265746579,8433.225037688177,5.35370782205493e+17,1.1110651626388036e+18
8432.572515126147,8432.56990064521,8433.77541888609,5.346741475514614e+17,1.1099407977905042e+18
8437.419463146753,8437.416649388644,8440.540582959806,5.352215254832675e+17,1.1111496318695419e+18
8418.355725348114,8418.354807084355,8415.52325762101,5.33580788258204e+17,1.1069094461783631e+18
8440.504865951621,8440.502831066427,8440.782783544555,5.360610047664168e+17,1.1124104704719991e+18
8449.56320210561,8449.561001931597,8450.329803476145,5.371230062681374e+17,1.1147101982911804e+18
8416.218629185865,8416.218126358213,8417.497255290258,5.324401956430036e+17,1.1054776967931017e+18
8423.305233373627,8423.305309927002,8422.085166741535,5.333669483985179e+17,1.1073699329992342e+18
8417.864651586822,8417.861904687836,8414.273777218217,5.336145150413262e+17,1.1068763049086797e+18
8410.749334106882,8410.748437853246,8412.82412652118,5.316907464863501e+17,1.1039836910023963e+18
8427.671860220293,8427.670522357723,8429.540699480272,5.334075747656533e+17,1.1080057614427662e+18
8435.944590003874,8435.94064464876,8434.690339503346,5.3557420569926637e+17,1.1113010919679613e+18
8442.389306449591,8442.38976492218,8441.854444585037,5.3667269381919834e+17,1.1132795618013344e+18
8439.015187362738,8439.012377002402,8435.608472511367,5.3564029982032704e+17,1.1117864330674107e+18
8430.749739862731,8430.748202273862,8433.91963062988,5.343658589218895e+17,1.1093837893427535e+18
8416.977454261121,8416.97637703688,8417.620442552374,5.3349856405503066e+17,1.1066394182664311e+18
8445.581906196598,8445.5796750853,8444.760561095505,5.3631764340454886e+17,1.1133607037787346e+18
8432.395342198539,8432.393796049495,8430.960450742095,5.3561656405583776e+17,1.1108591065542441e+18
8435.59457771269,8435.594971614551,8432.070536031819,5.3575838845963283e+17,1.1114375574545724e+18
8435.882497524086,8435.87901900697,8440.793980520053,5.355000647195811e+17,1.1112183229666437e+18
8433.35160821059,8433.352318764151,8428.49066804085,5.3580676176500186e+17,1.111179865922506e+18
8436.192056666576,8436.189951855451,8434.883498864032,5.355229014474537e+17,1.1112835672107945e+18
8417.758789818725,8417.759702906624,8417.508160067382,5.3323355461106086e+17,1.1064808434933354e+18
8435.656971155222,8435.65418687618,8438.913612762217,5.3525242799516954e+17,1.110939944968741e+18
8419.70381037445,8419.704325933391,8417.855507468727,5.34326570877875e+17,1.1078388407091373e+18
8427.06300192068,8427.059572039576,8426.293862829072,5.3469189928857024e+17,1.1092071304169285e+18
8435.958178374669,8435.955310377833,8434.579122964658,5.355116578117966e+17,1.1112404019018735e+18
8424.985609088606,8424.9839413523,8428.025566866314,5.33793867313859e+17,1.108025786464702e+18
8433.669625651284,8433.667720707472,8434.393830607272,5.351140091160434e+17,1.1105303698198784e+18
8434.016214031502,8434.014455815646,8434.259664346338,5.355335636986525e+17,1.1109972316745798e+18
8430.341613786502,8430.34233255385,8426.556747141281,5.3524676074012986e+17,1.1102091923741609e+18
8419.212046618093,8419.21220293391,8422.24664326123,5.329000955332031e+17,1.1063452530974273e+18
8440.001932993793,8440.000352864065,8443.374374233155,5.353375445665315e+17,1.1116182512694885e+18
8437.084928736036,8437.082198687262,8439.824235706343,5.352526326940691e+17,1.1111350796152562e+18
8417.030093574667,8417.02878592956,8414.275587437405,5.3371621204786464e+17,1.1068643190541578e+18
8436.443733157452,8436.443238457157,8439.760140827386,5.3498929595615795e+17,1.110784200882787e+18
8433.650368866312,8433.648706322449,8436.571391321839,5.348059904054127e+17,1.1102196689568239e+18
8424.452841476845,8424.44940195512,8422.20633056107,5.339709433884812e+17,1.1081303706847186e+18
8417.634627549052,8417.63336793986,8416.711582677133,5.333487001164019e+17,1.1065790949087953e+18
8411.880168193968,8411.879242300904,8413.206568832913,5.3205113177208064e+17,1.1044979959118525e+18
8433.082060252902,8433.079439916026,8430.367303980473,5.356856314916615e+17,1.1110219027904251e+18
8437.29764710003,8437.295258267626,8438.877341037582,5.357599402730646e+17,1.1116714549574272e+18
8435.104744097369,8435.104862550857,8436.354974197548,5.351111184624476e+17,1.1107233146630587e+18
8435.125167293369,8435.125282759389,8437.66612215945,5.3549108535914797e+17,1.1111060369362499e+18
8445.583161288807,8445.582345702362,8446.526231712995,5.36334880717598e+17,1.1133780688277435e+18
8419.85011075873,8419.849749507692,8420.47592090118,5.329877578347163e+17,1.106519897297291e+18
8433.089326912632,8433.085497546068,8432.580201639326,5.3531955702033574e+17,1.1106567652106641e+18
8422.054220641567,8422.052890330757,8420.606433632345,5.338081555492711e+17,1.1076406588588346e+18
8436.088776574032,8436.08680341339,8434.002950582519,5.361735405794426e+17,1.1119201281849805e+18
8418.762672806704,8418.75910315632,8418.704036985382,5.33342076050093e+17,1.1067260967025357e+18
8436.943480967897,8436.942253194668,8434.055442082468,5.3534813352990566e+17,1.1112114107273859e+18
8419.152554695764,8419.150583220693,8416.257495545951,5.334059478525187e+17,1.1068431479207565e+18
8433.615839548567,8433.614209915115,8430.788013073421,5.355224967928749e+17,1.1109316060162921e+18
8414.825355960094,8414.827698791061,8415.077097890233,5.3244702873580634e+17,1.1052948425789992e+18
8436.52306032208,8436.521584051976,8437.280593860465,5.356404886584439e+17,1.1114462853658947e+18
8415.006068591962,8415.005942530657,8415.379678593164,5.32840058031781e+17,1.1057124735200808e+18
8431.882002332937,8431.87818463047,8429.435918177658,5.3532660946008774e+17,1.1104991409237686e+18
8436.945843820324,8436.94386788462,8439.474751322055,5.349477678598936e+17,1.1108112333666831e+18
8435.607079684,8435.605297930812,8433.420530773807,5.3605992958714394e+17,1.1117407718234565e+18
8423.505490934396,8423.504104131638,8423.744349284098,5.3330433687569446e+17,1.1073345786569274e+18
8422.15897319949,8422.158319254693,8418.280265876443,5.339581103711708e+17,1.1078049484167114e+18
8432.157637586928,8432.158045579483,8433.596713663806,5.348952320754919e+17,1.1101052723026776e+18
8424.725017466939,8424.721862316283,8423.86680911818,5.3362957188280314e+17,1.1078260651444558e+18
8432.826408449158,8432.82202238252,8433.88183252018,5.347517032310689e+17,1.110052998643589e+18
8429.31489790248,8429.312085079458,8429.076263057137,5.3527323155881926e+17,1.1100955367020547e+18
8427.775094894832,8427.773909683738,8428.2223456811,5.344602072026288e+17,1.1090725062322665e+18
8429.730060123089,8429.727238427507,8429.17821448337,5.3495553501333715e+17,1.109834471820878e+18
8436.19280580202,8436.193250730847,8437.691282997012,5.3510874407304525e+17,1.1108694425313053e+18
8400.404830727835,8400.399993517536,8400.091824573698,5.306161244609454e+17,1.1015022506490598e+18
8422.501828336792,8422.499372902355,8423.211735928,5.3330179288337824e+17,1.1071952394906834e+18
8425.962821145082,8425.960701766371,8422.044279812813,5.3478335499834534e+17,1.1091486641447859e+18
8431.911182639766,8431.910998024596,8430.303842716505,5.352660965745127e+17,1.1104425882877667e+18
8436.383708264795,8436.380870302513,8439.5404959599,5.351464920792992e+17,1.1109332074852733e+18
8432.795253315024,8432.795727307808,8432.683098491209,5.354048688185729e+17,1.1107019422529079e+18
8429.050854467592,8429.04899024831,8429.753106341102,5.345308640689782e+17,1.1093171345245624e+18
8414.597062099509,8414.596696522181,8415.32323384368,5.322082796553108e+17,1.1050249995182511e+18
8440.958386717792,8440.957402368695,8444.892491939105,5.348051944776874e+17,1.1112165073842492e+18
8436.049961101082,8436.051190068545,8434.453738712918,5.3550729935630304e+17,1.1112485766840358e+18
8428.795387806123,8428.79255090999,8430.776987540708,5.338747875910276e+17,1.1086261857874221e+18
8435.473657317674,8435.470220593892,8433.291587189518,5.352895432050758e+17,1.1109521748831181e+18
8435.672985405534,8435.672942400062,8431.942992654556,5.3565985710832e+17,1.1113497329708317e+18
8422.021798215279,8422.01852267224,8423.161281875991,5.340195708033065e+17,1.107847591944638e+18
8422.121506838263,8422.11754301051,8426.612945178847,5.3331032447903846e+17,1.1071518498906964e+18
8437.902637466832,8437.899509602898,8436.2543099924,5.3572539386300736e+17,1.1117195821618643e+18
8432.641353117015,8432.638981058393,8434.391835234612,5.346760682411313e+17,1.1099520971520488e+18
8425.637091558074,8425.635830987878,8424.364360568366,5.3476669443593306e+17,1.1090875315290606e+18
8434.722487311497,8434.720528767244,8433.516147431576,5.3573619195150534e+17,1.1112962797323939e+18
8415.14902354522,8415.149789330597,8414.048868564769,5.326720198529826e+17,1.1055639359608855e+18
8434.220043173693,8434.217108897232,8436.573884237714,5.3469354991727834e+17,1.1101849809811363e+18
8434.498130472924,8434.494816200222,8439.014768065594,5.350650291764004e+17,1.1105943566765364e+18
8430.64735156374,8430.64380288653,8429.210998071161,5.3527480671065446e+17,1.1102788845419703e+18
8428.962682139098,8428.962622466768,8431.7630461566,5.3422943025058214e+17,1.1090036236738936e+18
8432.634214809577,8432.636116256625,8435.902997142855,5.3489108116730144e+17,1.1101660985063397e+18
8433.884223266004,8433.880633513432,8436.402870025244,5.348756761725382e+17,1.1103212761190316e+18
8416.129031504946,8416.127496189507,8416.378190597581,5.3280447357379066e+17,1.1058297993145997e+18
8430.656815221158,8430.652868523595,8428.249172254971,5.3513679388832045e+17,1.1101421866870835e+18
8439.297839610736,8439.298614519612,8439.150918575353,5.3548515292517165e+17,1.1116698003375604e+18
8436.812763050812,8436.811675899055,8438.856924567144,5.35616396158605e+17,1.111461706976817e+18
8431.054294750258,8431.054074005717,8430.58243830251,5.354505433209563e+17,1.1105101089329268e+18
8415.34077696186,8415.340986162591,8418.04852750243,5.323223130819553e+17,1.1052402439736422e+18
8419.364268573949,8419.364236391315,8416.876667029943,5.33783382694078e+17,1.1072494131525322e+18
8416.212482702382,8416.212581396285,8417.15949602839,5.3305345677138605e+17,1.1060901291261236e+18
8436.909006952772,8436.906444447864,8441.272939672572,5.352995907280754e+17,1.111157982151962e+18
8435.149102251442,8435.149935960093,8434.160122543679,5.358176091405626e+17,1.1114359148475803e+18
8439.153317781067,8439.150070528565,8441.402267422953,5.358574864161191e+17,1.1120223404308279e+18
8420.03635838113,8420.034788145844,8422.138949588521,5.3338614489500614e+17,1.1069436212425441e+18
8422.994841399426,8422.99054860164,8426.594807985117,5.331975536133969e+17,1.1071581166320544e+18
8420.474761803434,8420.475537918854,8421.71448537819,5.3346725967424794e+17,1.1070844854045865e+18
8415.82732844122,8415.827938780883,8416.66854470007,5.33006027676238e+17,1.1059902556650486e+18
8435.385724871941,8435.385134138172,8437.810217425193,5.354376267067491e+17,1.111088142744102e+18
8423.894827150976,8423.894380139885,8426.871359908542,5.338139850344947e+17,1.1078972238873441e+18
