of_gls,of_time_domain,empca_rank1,rq_of_ampl_0,resid_of,resid_empca_rank1
10409.464699809425,10409.464465954601,10409.369281154683,10410.923527225288,5777628351089055.0,5787374761216635.0
10416.459788253303,10416.460150780475,10416.360833934888,10416.133600352046,5798363176600783.0,5808860290835368.0
10411.985218425945,10411.985549891819,10411.851106160908,10411.69952717364,5717590913928916.0,5735554845032036.0
10415.755896708128,10415.752644439188,10415.628761935957,10414.270767397182,5611720100843705.0,5628204320025383.0
10399.62260441851,10399.620295318113,10399.515275206903,10396.956469361397,5692276950574285.0,5704550627744056.0
10418.519466469335,10418.519291515053,10418.440191507232,10415.498695922603,5802159065600272.0,5808474059579457.0
10394.676125389382,10394.677324545892,10394.568947639948,10393.171423058013,5751354741598488.0,5763595455864244.0
10412.94442284674,10412.943687934732,10412.831614153054,10413.705263627297,5744331406375202.0,5757771180661663.0
10413.888582521791,10413.889955356324,10413.793966225125,10414.488861143527,5723096659231679.0,5732672305980275.0
10408.932829922254,10408.932905775124,10408.79998821767,10406.460237616411,5717179316193383.0,5734871303051223.0
10460.408966267454,10460.410046880925,10460.316500907898,10461.096124241189,5816079223219797.0,5825191490722877.0
10415.914057946491,10415.91351337183,10415.823996290299,10415.938276909788,5751789383162734.0,5760397168600512.0
10414.297839118744,10414.300275589287,10414.210781444159,10415.235144451502,5793475618061843.0,5801445575300463.0
10423.903593395047,10423.901368558056,10423.806950020156,10423.372733126183,5688102574580173.0,5698108303225555.0
10414.635306216387,10414.637778699556,10414.513153659958,10412.75861494445,5731143501378645.0,5746568693506784.0
10414.884942351135,10414.886710291908,10414.782813983129,10416.979583823402,5747762398104001.0,5758933806630410.0
10412.928919414817,10412.92989715706,10412.820426226994,10416.144923142025,5839844533291166.0,5852367697301541.0
10398.243601790762,10398.244586997916,10398.133574612444,10398.791856854112,5759916543641465.0,5772762219974683.0
10414.763486307585,10414.762399768597,10414.673607967572,10412.777141654096,5747787032481905.0,5756356086782463.0
10413.713986314433,10413.715319936056,10413.606703626914,10413.902967132663,5773592570109239.0,5785858757430450.0
10413.801877299313,10413.80347519335,10413.7025641414,10415.006470589662,5607840995253910.0,5618414339980857.0
10414.464660931506,10414.463450314923,10414.373108691858,10413.821195627861,5720611916121166.0,5729536612999899.0
10417.17245927613,10417.173288570279,10417.076984857307,10416.17800382619,5677008118810088.0,5686765804114495.0
10411.337383485112,10411.337721229076,10411.250490095403,10410.984493574386,5654714628573688.0,5662650422261715.0
10415.51970434595,10415.518334282251,10415.422233733063,10416.666295721017,5667537400444534.0,5677719302103093.0
10390.40483298309,10390.404503801297,10390.284564637295,10390.870979858413,5762441238483719.0,5777455633716212.0
10409.622972282,10409.624199957352,10409.521964041342,10410.67723792162,5700003514059948.0,5710936755325350.0
10402.755410979424,10402.754606948958,10402.641578380817,10403.471499974208,5809987286224164.0,5823641457154272.0
10408.687989633456,10408.688104539751,10408.571354629616,10409.606826892392,5658528294896367.0,5672779244482513.0
10400.7546269078,10400.753760134576,10400.630846864215,10401.41021145845,5759631964230179.0,5775395876235385.0
10414.04277744842,10414.042515974472,10413.931943794016,10413.01254693932,5712132122878574.0,5725152665229049.0
10392.83076203608,10392.83403525634,10392.730707566163,10393.291468338772,5753330749159425.0,5764061098237620.0
10395.200599799258,10395.198566305275,10395.082089799409,10395.773745630418,5730373796537477.0,5745017451222806.0
10412.04092809719,10412.040065615456,10411.93005023548,10411.67286372213,5729100117825794.0,5742129568420702.0
10389.880674576038,10389.87721021132,10389.77550326457,10391.563035448418,5823722677498037.0,5835537358161702.0
10417.53375167428,10417.533070702675,10417.40842300092,10417.58817183748,5641346178619449.0,5657447633137155.0
10414.917019050228,10414.91628815049,10414.818595318035,10414.29699489064,5781893869667720.0,5792278270974345.0
10397.204896019783,10397.203023136191,10397.076555565769,10396.741121051777,5642224572317063.0,5658953844294631.0
10417.27219204175,10417.273357381438,10417.169328555658,10417.372460794466,5764166080471898.0,5775493839760294.0
10413.371690693695,10413.368607153094,10413.248736352096,10413.47528903048,5686291306777458.0,5701886208909915.0
10408.830645107813,10408.830306621188,10408.708946027078,10409.64948323983,5748435550458577.0,5763761728185994.0
10396.667728107217,10396.668324512193,10396.523333879883,10396.665788482182,5752281443956341.0,5772414853661066.0
10396.486383516873,10396.48366870995,10396.401402926773,10393.989760337527,5713957156230294.0,5721490976300021.0
10401.972367611777,10401.97091084161,10401.909772821033,10400.572601174325,5835524057968922.0,5838306597908635.0
10414.45477851552,10414.454804272693,10414.354210292497,10412.873005874208,5705778877748722.0,5716618838608927.0
10398.851439115577,10398.8517753741,10398.740652673916,10398.66279906022,5738397331560629.0,5751404193698408.0
10408.691751661761,10408.689586284829,10408.590815832711,10410.245648353328,5690528602377756.0,5701446432192638.0
10410.787082248879,10410.787987408099,10410.689134806875,10410.522424313467,5690233723161761.0,5700517035905956.0
10394.854403617099,10394.855142869814,10394.762650539029,10395.079324252807,5700101302031980.0,5709071556335669.0
10393.555690947442,10393.553738383249,10393.46493166369,10392.049397698232,5704726643619122.0,5713486399045960.0
10393.000980275347,10392.99952335612,10392.912160577529,10392.846474375994,5624613401227543.0,5632962071429840.0
10399.077506434482,10399.076877164867,10398.961908634412,10400.069782521397,5694771565344095.0,5708799046652709.0
10416.558764972153,10416.55900683519,10416.453208908264,10415.991181671487,5690895364585272.0,5702795167697695.0
10393.052960927866,10393.05295244955,10392.952305558129,10394.37881956232,5687470116850436.0,5698327857856062.0
10416.66380117483,10416.665772049002,10416.521735837523,10417.616018394325,5711059735784897.0,5730716830418123.0
10410.774548031619,10410.776301360618,10410.661724467238,10411.503526928629,5839499947199102.0,5852942270585135.0
10414.733895175325,10414.733014144305,10414.625140478722,10415.147054727202,5701045929393625.0,5713624993860384.0
10393.626100935657,10393.625078128025,10393.501444983842,10394.316783398748,5647667898347788.0,5663613891125930.0
10396.854389588774,10396.854173774489,10396.74753735344,10397.111695127303,5701598256373005.0,5713770306437381.0
10410.661640504606,10410.66378525585,10410.544200192946,10411.613315926716,5768799456754811.0,5783222123552549.0
10400.605423702029,10400.604468792404,10400.48646757766,10399.302329234846,5777130471516288.0,5791870929560667.0
10388.029477536933,10388.028387357057,10387.935985099984,10390.392293813642,5714830592006363.0,5724170389793299.0
10389.9141133191,10389.914439654889,10389.827087904088,10389.826761369828,5694560504827826.0,5702529546216016.0
10396.923756878925,10396.918301982074,10396.825551735155,10395.869326511045,5749163474026425.0,5759501729715323.0
10391.055704684008,10391.054357940244,10390.953158380975,10391.678305387413,5757640286714204.0,5768898742457921.0
10411.436432116516,10411.435220348483,10411.34854346268,10414.591660363409,5721747925644068.0,5729895057311180.0
10392.272103801146,10392.272659388218,10392.158064629279,10392.3007460712,5694505018896248.0,5708199789361366.0
10416.116181991747,10416.116136612038,10416.012661719196,10415.917498448649,5738416711624860.0,5749883925287966.0
10411.588027949145,10411.589396646707,10411.415924732819,10410.748091844795,5820446669053380.0,5846478456016744.0
10394.201070696217,10394.199092279743,10394.10988827767,10393.712527798816,5841616305548646.0,5850465665646065.0
10399.18723298746,10399.186538515372,10399.079711737388,10396.924962179522,5671408561815640.0,5683722899271937.0
10415.84802951989,10415.847651292812,10415.723541794649,10414.418714090069,5731076963281618.0,5746998850209398.0
10387.032307564314,10387.02973596202,10386.926604510794,10387.050340144553,5752186607233277.0,5764113579846334.0
10396.021427801707,10396.019521846018,10395.920108910526,10396.351599858606,5664306540885735.0,5675305090882937.0
10388.78397725219,10388.782264277128,10388.650879493694,10388.976970880376,5656680821082202.0,5674413130148196.0
10409.84036726483,10409.840988251817,10409.723008815105,10411.402220052798,5796536971341753.0,5810941947723276.0
10417.674589288628,10417.674593434633,10417.571527276872,10417.136646557472,5756803758983561.0,5768173734849480.0
10415.497599791865,10415.495662095262,10415.375644852285,10414.609170514348,5701431862288890.0,5716815476362468.0
10411.481435017997,10411.483583343173,10411.363651038466,10410.317797879203,5721611685536841.0,5736107644165195.0
10392.103885906077,10392.106176924803,10391.981809939205,10394.331842921029,5742986465254763.0,5758384769808732.0
10410.905119875346,10410.904041655887,10410.791908641155,10411.472349238946,5748507874124144.0,5762032558577634.0
10373.796690223126,10373.79771506776,10373.700830531625,10372.182053234656,5707621355581299.0,5717463594690726.0
10414.769716360282,10414.770290288452,10414.654593180865,10415.885578717383,5749018368142261.0,5762950333292021.0
10416.83419033269,10416.832628298434,10416.705764980343,10415.709523008602,5679744587548965.0,5696503642751723.0
10398.914787627626,10398.91136910676,10398.812621326677,10398.093396931672,5710365945334308.0,5721544383310553.0
10396.488846109847,10396.490580958032,10396.37845418811,10396.26748366174,5664593007590847.0,5677515634811528.0
10416.035504730686,10416.03540712494,10415.903193749718,10418.653120111516,5779622989641863.0,5797207112477744.0
10397.0141907595,10397.012767988346,10396.880951453913,10395.168252497835,5721252585541959.0,5739020658295186.0
10409.340112014186,10409.337917523899,10409.22443644012,10410.055230345903,5862772154323631.0,5876819627246980.0
10415.941731877176,10415.94269119175,10415.809642954991,10415.863070224472,5769979151820485.0,5787516032672833.0
10413.839140773694,10413.84163252739,10413.724023501427,10414.00186658526,5763659637278181.0,5777590043087601.0
10413.16896456949,10413.170382801334,10413.081627423342,10412.345870628975,5759488228655042.0,5767517823332092.0
10407.60624522809,10407.608277902424,10407.484860677105,10406.813734679992,5712043474796442.0,5727302314763787.0
10409.941651256899,10409.94118270433,10409.834203298233,10411.607314785813,5707264371028211.0,5719565018457633.0
10414.359937688114,10414.36169890484,10414.23329244855,10415.380849885649,5809812343029099.0,5826191773514326.0
10394.532343288287,10394.53088042692,10394.423290014643,10393.000378380535,5766918395009305.0,5779556739353246.0
10416.068800550383,10416.067903715895,10415.940516908102,10414.236185653897,5738193347503370.0,5754921836851156.0
10414.792806808211,10414.793752637077,10414.686749400404,10415.474009012742,5671800185319904.0,5683806259238640.0
10413.93931010313,10413.939988106264,10413.849241699294,10414.418400408309,5821370515921244.0,5829980098111308.0
10413.36301475275,10413.361829814952,10413.277948008614,10414.548679323218,5726357447344946.0,5733904744919249.0
10396.59939323282,10396.59735374629,10396.488037679688,10395.30792041167,5632734501691825.0,5645861507457467.0
10415.308025129078,10415.308582950887,10415.20108508083,10413.75684102367,5749663963338908.0,5761857624732426.0
10415.05360727103,10415.053545176237,10414.92983522253,10415.268868761304,5726236715006574.0,5742006151047358.0
10412.11159980579,10412.111285402176,10411.969456887055,10412.247026181065,5675506872195243.0,5695176452144966.0
10410.117807658455,10410.117854602011,10410.023993616736,10411.818739754774,5728928362658942.0,5738333999080928.0
10416.167369796458,10416.168580386984,10416.083428885016,10416.22528612153,5756523843950836.0,5763831139916854.0
10418.130662098056,10418.131374317001,10418.029119424278,10415.741025630767,5821283914774117.0,5832331061176609.0
10412.68198206259,10412.683197852251,10412.569850581594,10412.861194070194,5701056457742770.0,5714352323090367.0
10425.593176542985,10425.592283330041,10425.470498753257,10425.190555206353,5689230030270110.0,5704772061759593.0
10411.141620831886,10411.141309321662,10411.024191937267,10412.812183084881,5726411976050707.0,5740832398400393.0
10413.850771170952,10413.853572838998,10413.745506208701,10414.880975760845,5795054136285260.0,5806891747058858.0
10416.720401524248,10416.720614088856,10416.59573515327,10415.649795724965,5758182817641778.0,5774143114193586.0
10412.414002203195,10412.41098354264,10412.300871818376,10415.425413473582,5693755781661052.0,5707263730465516.0
10395.043559111968,10395.039336615497,10394.949154199267,10395.188606275065,5827772019438859.0,5837304524753548.0
10408.49446263281,10408.493027915858,10408.398699998705,10408.263273703617,5797717916964490.0,5807537428120801.0
10398.46493819615,10398.465760376972,10398.37627160486,10398.440086481865,5816836939768908.0,5825152011886105.0
10413.88153030992,10413.882736769072,10413.784089982233,10412.525585729014,5707699906546848.0,5717875428924124.0
10377.644271587325,10377.64445950704,10377.55856509707,10376.137227716365,5600860927125912.0,5608553723627449.0
10395.79805685254,10395.798623566949,10395.667447533151,10394.871405564687,5712475181025901.0,5729684717790932.0
10410.168412697776,10410.16661651204,10410.072395137317,10411.349837160024,5741402204182754.0,5751275735385887.0
10413.467384045001,10413.46537380781,10413.40951036766,10412.282864017752,5674977387800714.0,5676748575125620.0
10409.022954953507,10409.021993457927,10408.920413051655,10410.316949904762,5757412255184496.0,5768671097297652.0
10393.181263545006,10393.180837552627,10393.058611963537,10392.63526206875,5733232307095264.0,5748753149119147.0
10399.192616848244,10399.19309677373,10399.066983383069,10397.36834171819,5734546259908104.0,5750702524203398.0
10397.562146443232,10397.55970933319,10397.456691404797,10398.831575009237,5646875847547324.0,5658751687825057.0
10410.297238206667,10410.295549722834,10410.201025268268,10410.618831716036,5693363590530313.0,5703278601297343.0
10411.620664588487,10411.621341709979,10411.520970097914,10408.12629024826,5728945930741947.0,5739600248637647.0
10413.212756034183,10413.211835278245,10413.113249998585,10415.218680645734,5713333486581488.0,5723947796436245.0
10413.268477302998,10413.269080020225,10413.165401058346,10412.687898090826,5800020119779408.0,5811392761728477.0
10415.645700825062,10415.648346589545,10415.52364306643,10414.804271391573,5704066397513170.0,5719471924919947.0
10416.32653578931,10416.327919337476,10416.209536215616,10414.47223246138,5649096810977851.0,5663427957986557.0
10412.418068395204,10412.417408313882,10412.322532284797,10413.575636770742,5683723049883261.0,5693494187678658.0
10412.592384042975,10412.593006076388,10412.470431453368,10413.80958049513,5750922115569638.0,5766303874700799.0
10392.102290412893,10392.102376177185,10391.962373714276,10392.500943240411,5798207023014353.0,5817387080720025.0
10411.211079114692,10411.21183111127,10411.151967358468,10412.555262367427,5710044888851454.0,5712080895422129.0
10390.810199001307,10390.812222026914,10390.689757885817,10392.764609279826,5700670007222510.0,5715721197530472.0
10411.900775183714,10411.898017304795,10411.796841893807,10412.515396580888,5745562346421880.0,5757116893444075.0
10412.119148800213,10412.121369136488,10412.005043018895,10413.07177545794,5671266914192670.0,5684981934713765.0
10414.891353307154,10414.88621515221,10414.790888764319,10415.284605116543,5629718905416089.0,5640536853851873.0
10406.936053518275,10406.93617428283,10406.834826409467,10408.526987407064,5709847418914177.0,5720827011750018.0
10424.70440757506,10424.703938111446,10424.61819401645,10425.48799209414,5723530417462778.0,5731318320704220.0
10364.29795514655,10364.29664389938,10364.188025278125,10363.746285713542,5775779844927472.0,5788597150386085.0
10410.392365755832,10410.393629608041,10410.274699029578,10411.027965837742,5683597254195178.0,5698067898257984.0
10400.783664275421,10400.782911690581,10400.65936504577,10402.90689376036,5678159266631320.0,5694033338796848.0
10391.886398027817,10391.884722116725,10391.776265416218,10390.74870091416,5734542284740046.0,5747408866127638.0
10401.262803540778,10401.264892522862,10401.153348321566,10400.803310952548,5691478710424448.0,5704203722560886.0
10410.928038465061,10410.925453113387,10410.81956413445,10411.713205375028,5695488867006529.0,5708007641360269.0
10410.38837050923,10410.389295090103,10410.274307149855,10408.931380108632,5744617827226150.0,5758323308037446.0
10412.770004517371,10412.768770420947,10412.680795370386,10413.052624661957,5705547754443383.0,5713975049067440.0
10391.917469470569,10391.917705226235,10391.810521602189,10391.782321009952,5691818151586663.0,5704009671003508.0
10386.46840417629,10386.469730700293,10386.334378053087,10386.101283013984,5800211114876448.0,5818138486659047.0
10407.335523789208,10407.337324743703,10407.233563962549,10407.181964122037,5624636550995676.0,5635771706431338.0
10405.165291391353,10405.165016755209,10405.057908510671,10406.313681493531,5730906935293014.0,5743192948859880.0
10413.579997486777,10413.579572726368,10413.504326769778,10413.470947582746,5784474629553794.0,5790026034760128.0
10394.895673643823,10394.898096212482,10394.780557115497,10395.542364508554,5663573688189732.0,5677497702104845.0
10417.397810946452,10417.39619366894,10417.31701231371,10416.285636175333,5759938128823038.0,5766577341509153.0
10396.632562013836,10396.631987272121,10396.507540557895,10397.252110783762,5687267802128162.0,5703292885496309.0
10392.932575513812,10392.931764486118,10392.851745177353,10390.954521449683,5782992962510607.0,5789647974802894.0
10413.527332159436,10413.526352803341,10413.401598637167,10414.25614307052,5766778040763450.0,5782963345003436.0
10404.906303035761,10404.904622288714,10404.783227930619,10406.615456595184,5751082978487717.0,5766699379467496.0
10416.618285053444,10416.617528702918,10416.493639032493,10413.129479536809,5756232669945480.0,5772188589409753.0
10412.400664462502,10412.401296209644,10412.300383657823,10413.553223741745,5726642367166332.0,5737421221120591.0
10377.137657230427,10377.137199039968,10377.035446167418,10376.030307758952,5695308895831635.0,5706495325653408.0
10437.502244653562,10437.507081147112,10437.368929111926,10436.279061455367,5738752687802472.0,5756565180545342.0
10413.355410174101,10413.354848315483,10413.264181603965,10413.103221975394,5713522778247061.0,5722378895536739.0
10407.786297991523,10407.78584166824,10407.725672265566,10407.880362506205,5622911997671170.0,5625272200300819.0
10409.252732123776,10409.253062550652,10409.133622365944,10408.242462235288,5838544189287564.0,5853320789208366.0
10408.192070549707,10408.188639245367,10408.081460574458,10408.529853008056,5766198241977478.0,5779169890328207.0
10393.444975702334,10393.441744309794,10393.319148688846,10392.368782423417,5701417971948339.0,5717612135194018.0
10404.548079415124,10404.546059262051,10404.4249778619,10402.4313437854,5779926894132248.0,5795548732100754.0
10396.727827070044,10396.72584308992,10396.638990901976,10395.182078558626,5696258716347380.0,5704610113592507.0
10414.152940287822,10414.152718002282,10414.012650304481,10413.26967314995,5683089676397042.0,5702367444621358.0
10395.722889197159,10395.722115114757,10395.611009736762,10396.197378060864,5815808596813183.0,5829046473093822.0
10410.413027869117,10410.411681961343,10410.317609366675,10409.917028258162,5698488766032188.0,5708235073835643.0
10394.819529592587,10394.823146101084,10394.697412306932,10397.604132649765,5696180157905868.0,5711588508132814.0
10412.84180110063,10412.841199900206,10412.697581101518,10412.073707440406,5699180224669594.0,5719291609492783.0
10408.278793461426,10408.281240692135,10408.172609388977,10410.323091655886,5772550416381549.0,5784582450791719.0
10414.032078745873,10414.03440746244,10413.914766121268,10414.276386780988,5663572110048519.0,5677968917158025.0
10427.648308587492,10427.64805554911,10427.54780528792,10427.208465445407,5608757954880733.0,5619584490365620.0
10406.110180267351,10406.110525810354,10406.023568840199,10409.189429711996,5723128802984565.0,5731006040904748.0
10413.391700798216,10413.389631812473,10413.261542776008,10413.627734186717,5744901586967933.0,5762026613728165.0
10393.469775448022,10393.472595464096,10393.353980745509,10396.636426658479,5730367016244607.0,5744434331876907.0
10393.557737578767,10393.560746836456,10393.44667983555,10393.679183529264,5683569400173114.0,5696632496227030.0
10412.411131234066,10412.411808656128,10412.31644756483,10412.603585104132,5748775517435181.0,5758365607442686.0
10410.663106633014,10410.664621778324,10410.57109529394,10410.982711943918,5835064702610227.0,5844087472656101.0
10417.145316046273,10417.145773438191,10417.004595929655,10417.1260379794,5704312900246494.0,5723684579466264.0
10401.755902130122,10401.756157937793,10401.661959321313,10402.301702308467,5724564096538739.0,5733997937837846.0
10412.150478480366,10412.151341749277,10412.076756408533,10412.702652194537,5739130077363752.0,5744268305378520.0
10411.00711383696,10411.005764892869,10410.925527007785,10413.352393822444,5686384293799223.0,5693193270316261.0
10414.50951296724,10414.508533984608,10414.417558629839,10414.52162909651,5737099899336471.0,5746110007308758.0
10404.555857905925,10404.557680638953,10404.412439076707,10404.807332839446,5832263674149820.0,5852197390589349.0
10389.359706265728,10389.356489630862,10389.29103095553,10388.056281286883,5728389044732160.0,5732469499167313.0
10394.870342152795,10394.871502236629,10394.76878204888,10396.153434635506,5760264499859599.0,5771314137389101.0
10412.450705312374,10412.448936092129,10412.329810452044,10413.141352321774,5717263426064122.0,5732420469733619.0
10407.831033257828,10407.830939056843,10407.719625995322,10408.017055481083,5831260091862926.0,5844400914361264.0
10415.258766602257,10415.257752020212,10415.168271905302,10414.305637097226,5757523258264170.0,5766223162245008.0
10394.913137902246,10394.914663369851,10394.792862143911,10391.961765525917,5782733639227309.0,5797751573726531.0
10402.646000637882,10402.64798901741,10402.541247940253,10400.89233576187,5736039759255747.0,5747767246103077.0
10399.201040686476,10399.199697039889,10399.08510181628,10399.499194663567,5671632225165904.0,5685732095624421.0
10399.330227575685,10399.330077947005,10399.228629158826,10400.495808697246,5750435031028691.0,5761493036226196.0
10391.41411845379,10391.414262676182,10391.318222997805,10393.810047486997,5721973242909551.0,5731822014481751.0
10410.025557451429,10410.02748991717,10409.904654635233,10410.756989478956,5685005564298574.0,5700163216638886.0
10394.114694070993,10394.113309343857,10394.010782909125,10395.560260188533,5693754887704394.0,5705302942803860.0
10415.002829750078,10415.004186697242,10414.915827111583,10414.926351082426,5779841073301997.0,5787799165712987.0
10403.17126038301,10403.173301157618,10403.086663151851,10400.518271586234,5731110082699753.0,5738560650593861.0
10382.906593881358,10382.907142645083,10382.783652038803,10384.076432005395,5719292295756319.0,5734869617997308.0
10409.1232317678,10409.12492901134,10409.01567261671,10411.2617346297,5733665262244978.0,5745989377642069.0
10390.929826956135,10390.928470377878,10390.81577828804,10390.309608952017,5747728459771135.0,5761424827415829.0
10402.972582729253,10402.971857074404,10402.864590572945,10400.810741251506,5724815736998057.0,5737230660148411.0
10427.492145148974,10427.4913570488,10427.374046586594,10427.853713968017,5763757572794357.0,5778326534604741.0
10405.19913009015,10405.198320464466,10405.102725304198,10406.685706212433,5689860758737044.0,5699816778853412.0
10416.648983468329,10416.646344834418,10416.543729406685,10417.10345206688,5746355363613093.0,5758191010906448.0
10409.406551980686,10409.406037553706,10409.293433893548,10408.478333497542,5715141719091961.0,5728646192749658.0
10402.06690625706,10402.066757668974,10401.96091341065,10404.483769525816,5750427469071306.0,5762418018351457.0
10391.951327986131,10391.952164001275,10391.806974904863,10392.03435691986,5755107510291415.0,5775227820379487.0
10412.670726783093,10412.670487622907,10412.591308554121,10413.29090831842,5739997251943946.0,5746345038890876.0
10410.491946873468,10410.490545538136,10410.35349954309,10411.845775918533,5687878944111335.0,5706762349777707.0
10414.330052359035,10414.329252729702,10414.222739126364,10412.596229376486,5695752944639939.0,5708025723709406.0
10394.123498903351,10394.123210282058,10394.011717275007,10393.030404916935,5647056895306082.0,5660273606110460.0
10406.269682949314,10406.270247121021,10406.170968379789,10406.303528342538,5770115500989933.0,5780561745391578.0
10413.33554565922,10413.335893949583,10413.249604465693,10413.006183672374,5702706142925537.0,5710439187573592.0
10411.48092225923,10411.48056194487,10411.382433652107,10412.290998976348,5709439281993350.0,5719837505844865.0
10412.629864346747,10412.628783520895,10412.574545119629,10412.588656459731,5770582181223543.0,5771811524247608.0
10411.246043294497,10411.247004085797,10411.133184833818,10410.969094369406,5762337373288746.0,5775787239886956.0
10391.890938959197,10391.890427658733,10391.768180420417,10392.864928654708,5828313977216606.0,5843856864963242.0
10412.424114718213,10412.422309603548,10412.29199024819,10413.959991825786,5751200747167220.0,5768742809272527.0
10415.79454409832,10415.795353295278,10415.650540204788,10415.924672737652,5735705259976195.0,5755773450729238.0
10419.843261049036,10419.841403297853,10419.724345186836,10420.4121528628,5733330258675864.0,5748069974999088.0
10396.389901737959,10396.388514613735,10396.272555600739,10398.550990148513,5719567607103584.0,5733964927880058.0
10397.484926387655,10397.485885208655,10397.374113348875,10400.23040753859,5770249375210660.0,5783261547515811.0
10409.536373469049,10409.539398589071,10409.423104781474,10409.838324254657,5691907575484966.0,5705444063284430.0
10390.264339267787,10390.26350765226,10390.137599475325,10391.98917925426,5701420943428222.0,5717806807791268.0
10393.367589686048,10393.36658309117,10393.258496282908,10393.890423724302,5663027441866153.0,5675674052038610.0
10410.435809311024,10410.434208959547,10410.349033232498,10410.644049236333,5672632710902987.0,5680543817287626.0
10411.36998470458,10411.370208283592,10411.250580659658,10412.747263082616,5696583398718658.0,5711423362048591.0
10394.318636466061,10394.3194570703,10394.230679885952,10394.339698614614,5785988404278578.0,5794153806599946.0
10393.026064249945,10393.023899440725,10392.902196535808,10393.776542932063,5684604585414899.0,5700383162603839.0
10388.825211024056,10388.823344740811,10388.71862913333,10386.818930281273,5735915075493714.0,5748028531049841.0
10413.045978857343,10413.044337089626,10412.94774257392,10412.933432414147,5675007790501419.0,5685352402374570.0
10412.406251372277,10412.40746379489,10412.320511908852,10412.642384134544,5734688227805262.0,5742378676138029.0
10409.92507432371,10409.923066001802,10409.813965630576,10411.221442295657,5775607532531161.0,5788685486544582.0
10411.806014275327,10411.806417441674,10411.707797331932,10413.467714274439,5739852365535488.0,5750192890898555.0
10401.700284269962,10401.70224619221,10401.614158495668,10402.78194376202,5766014584105039.0,5773789893694422.0
10436.407204203351,10436.404944974203,10436.242884417463,10438.084025889222,5686296371154787.0,5710708175393861.0
10407.349870954458,10407.351110814325,10407.236423652766,10410.468329380412,5887188734235018.0,5900762503640717.0
10390.651013819304,10390.6507108288,10390.544368050492,10390.37903904677,5749105382247731.0,5761232664541222.0
10408.285780699845,10408.2873601854,10408.177799766894,10411.30939846469,5677395794095354.0,5689809309517637.0
10404.885973521044,10404.883999167389,10404.760054808305,10406.107247995167,5668826682612589.0,5685046583587233.0
10394.977840609605,10394.979832597815,10394.857436879129,10396.569369006947,5778128625958275.0,5793173722852720.0
10409.875501250504,10409.878197016282,10409.791885187245,10413.610032992141,5758233897006031.0,5765474156973731.0
10413.882274367617,10413.88163767851,10413.789881670073,10413.571429828988,5704033818949888.0,5713137133672837.0
10406.213946519812,10406.212732765984,10406.07010733194,10407.117793342744,5812510510722696.0,5832534955281628.0
10389.896188717432,10389.895281931094,10389.809162517859,10392.365725283247,5746589981924115.0,5754559193903586.0
10404.19739172939,10404.196979712395,10404.11371053474,10405.286697706431,5724509799741512.0,5731765664748797.0
10414.269482174246,10414.26797788457,10414.147325345997,10414.449850688356,5759313950185201.0,5774739877585667.0
10413.760924365457,10413.759002319546,10413.651374433179,10410.86169803336,5654873082268125.0,5667620874869331.0
10392.532945875546,10392.533113358835,10392.421283127867,10391.839229460258,5729215172685408.0,5742406264278762.0
10406.928633236992,10406.9294455872,10406.785624180216,10407.173522014327,5713401883039307.0,5733250764957001.0
10390.245790752646,10390.24737316532,10390.141931876133,10389.888839959118,5777089751808505.0,5788626327749787.0
10409.537618849832,10409.535081902612,10409.413423104796,10410.836942428945,5725014951164720.0,5740871569621620.0
10398.015431525837,10398.014501729082,10397.918109912453,10396.185628229532,5820962722692152.0,5831113570734165.0
10397.838450350218,10397.840962117503,10397.696347754836,10397.364439733845,5781134498995636.0,5800782963010529.0
10415.53084900716,10415.53014117629,10415.432737200923,10414.575623804114,5724217301638363.0,5734535425478060.0
10409.998392327903,10409.998758922617,10409.875643043371,10411.115004904417,5739482243046491.0,5755031959133759.0
10400.966285878874,10400.968560694168,10400.830254223161,10402.478443244141,5736573527411991.0,5754936773356397.0
10396.057958995727,10396.058972731702,10395.942609372303,10396.56251431159,5700227249867106.0,5714201077026695.0
10413.83117575178,10413.833497867538,10413.715259169396,10413.217957827339,5770474936383783.0,5784575126294223.0
10400.487765319742,10400.486617895007,10400.391423564868,10399.520589696423,5732502546641707.0,5742445441471236.0
10396.648639902465,10396.650586855045,10396.521196001662,10395.734882737228,5769454366585030.0,5785993176368494.0
10410.952479226366,10410.952555847183,10410.861846636164,10409.811428644287,5713755974968711.0,5722485914680946.0
10385.539645936953,10385.540678508924,10385.423293070427,10385.99706780207,5734536225351971.0,5748719039954020.0
10395.448591283417,10395.448384721221,10395.33297397591,10396.557806979115,5806500485775337.0,5820530868650492.0
10411.127930683562,10411.127844260605,10411.028886066035,10411.339635627213,5722195312699724.0,5732711615940627.0
10417.244417095562,10417.242401770132,10417.141574067557,10417.424426028843,5741518179390719.0,5752841589484628.0
10408.397537668045,10408.397254474297,10408.265912378285,10409.020360472377,5672442105428984.0,5689875471621960.0
10397.573352078582,10397.574659989654,10397.494290569792,10395.779452289222,5798331671129989.0,5804609830229425.0
10411.417296365958,10411.414629645073,10411.302285455697,10411.492618914912,5756003012773897.0,5769910037638466.0
10395.08026313632,10395.080281526545,10394.99604691667,10396.297793185042,5621450393457590.0,5628822539739771.0
10411.799846705966,10411.800422767088,10411.677454372353,10412.0614576295,5661557048073400.0,5677031827719776.0
10431.811022254817,10431.808826522216,10431.681004717195,10430.37006282537,5783238114562151.0,5800344896082031.0
10391.174808817676,10391.173912304152,10391.053902684842,10392.475736401746,5844687793267263.0,5859837706541111.0
10410.425484752293,10410.42705526482,10410.299238802703,10412.505928846827,5685896953925289.0,5702189382594524.0
10397.618820363783,10397.616203853748,10397.534367707123,10398.258534681385,5755692306285021.0,5763113836952074.0
10414.031284757986,10414.029291046261,10413.903084369884,10414.514013045206,5677529110534730.0,5694238701486577.0
10409.280840359375,10409.280736923029,10409.171681101681,10408.156648650287,5767224391557249.0,5779888275238490.0
10405.252927929178,10405.251599632586,10405.1224504593,10405.444058713503,5694073121307458.0,5711260780509559.0
10408.073010589014,10408.07224120261,10407.9456242923,10408.876740386218,5679589542621885.0,5696122759742271.0
10383.819295013996,10383.819710374171,10383.679095538739,10382.142834215763,5678256307168698.0,5697489315843216.0
10411.902818513418,10411.9040959888,10411.770740090586,10410.225480865452,5798094953750018.0,5815626884888705.0
10408.99824200388,10408.997150010515,10408.868248915143,10408.716863499048,5669058728925014.0,5686145949455209.0
10413.271395097983,10413.27001765497,10413.171020150423,10414.419656237053,5697865085731860.0,5708663957758524.0
10412.691659589913,10412.692196843616,10412.58865759897,10411.672518858863,5711423440653651.0,5722780264400718.0
10391.282303758971,10391.28292421388,10391.163208991271,10389.971177746758,5708227091011523.0,5722993121968748.0
10388.729498073235,10388.727941663528,10388.626018610774,10390.68192277946,5701031229672140.0,5712487250791243.0
10410.723553190666,10410.724295215241,10410.615431994498,10409.049001644427,5721461809877308.0,5733905555627594.0
10415.086890892038,10415.085507614933,10414.976115170664,10414.05036201159,5670328709240722.0,5683337194480665.0
10407.657009701066,10407.657264490359,10407.540029917214,10407.886124534445,5746349174966678.0,5760672947663938.0
10378.999313483631,10378.999263777267,10378.910824180102,10378.990946187996,5647638434283180.0,5655920010735663.0
10399.824302499888,10399.824707634742,10399.714568086694,10403.520852948637,5793908847495359.0,5806692776993780.0
10410.638488481667,10410.639269620413,10410.499438676583,10409.98044361273,5846045329457551.0,5865056788993979.0
10388.500561971901,10388.500780117274,10388.376436070079,10390.522460158569,5721769256137227.0,5737600234208118.0
10410.581480222461,10410.582222193012,10410.465638948388,10411.41390287419,5694879507380298.0,5708962588060933.0
10413.33753972697,10413.33900043164,10413.260242637536,10412.794768884247,5708456743955418.0,5714353718248331.0
10392.649304931421,10392.65065011669,10392.524341844386,10393.992004694392,5714778768617533.0,5730789355604793.0
10408.042803949636,10408.044197396843,10407.954477384168,10409.433254387219,5678014991499628.0,5686255862941311.0
10405.616194744112,10405.617897178563,10405.508826468369,10406.19205239611,5653892278485010.0,5666175269329927.0
10411.473818781724,10411.473295354173,10411.335720148687,10409.722567124263,5707261555948278.0,5726071698572858.0
10407.939543692668,10407.939400599798,10407.799280881616,10410.35894852428,5757011153150341.0,5776277925704783.0
10408.362970482925,10408.362980874917,10408.2366096906,10409.414600216565,5683120153572019.0,5699435818969378.0
10411.478712741597,10411.479709505675,10411.380848991123,10410.764571989588,5844095458974337.0,5854360982712413.0
10388.569731941712,10388.57037746287,10388.47888202084,10389.480608805401,5731221447449342.0,5740001232594248.0
10403.17356410234,10403.172329619181,10403.055681755357,10404.845828990623,5687799180337477.0,5702312831259040.0
10391.876733613597,10391.875184925015,10391.742936812065,10391.905644033366,5860109400691423.0,5877992045307561.0
10380.134686067116,10380.133938679564,10380.014963479645,10380.844591990326,5687211560877569.0,5702105906188769.0
10412.760579346108,10412.762043093604,10412.660283768815,10414.154870726994,5651879123603516.0,5662661124138793.0
10414.951838397958,10414.949277411755,10414.831324447967,10412.734274942472,5703973220588143.0,5719050457257180.0
10408.250635940096,10408.251024705713,10408.161149264455,10405.95774406792,5708066289625498.0,5716553410927825.0
10409.322751855254,10409.320880317138,10409.216125010798,10408.728460305529,5712710753271938.0,5724836951587279.0
10391.17043492512,10391.16874569295,10391.065794032831,10393.470103503156,5670840605939347.0,5682543028096546.0
10387.762543346164,10387.762797095225,10387.613492454915,10390.880969589025,5858111591317995.0,5879223404790640.0
10416.781958542559,10416.780797740246,10416.666429191453,10415.496688888446,5742511205678740.0,5756530130873968.0
10417.982987959575,10417.981426362137,10417.86839410966,10417.48860689781,5684657950815299.0,5698478483139504.0
10413.394590824553,10413.393764741846,10413.265572378565,10414.463356571368,5666665986718324.0,5683548960922571.0
10410.858837582098,10410.859282797024,10410.739756948607,10409.823251321468,5730840298589663.0,5745611371367622.0
10390.270887793631,10390.268992700205,10390.147386813469,10392.53719023272,5697512090222340.0,5713211538067297.0
10414.255301616866,10414.254518270161,10414.188168694498,10413.961690549824,5738537639709935.0,5742275071999722.0
10392.70612118743,10392.707453345463,10392.61588574957,10394.637200891131,5668267787869509.0,5676916635879330.0
10411.03053678491,10411.029905535885,10410.929852554538,10410.647147477232,5790331033288277.0,5801195524318233.0
10409.407428435728,10409.407938342969,10409.320455839572,10409.646669822085,5707569109147774.0,5715522198695159.0
10406.582297212542,10406.58284845428,10406.453895343253,10407.932191789854,5784002655029543.0,5800750583373344.0
10391.410178537402,10391.408740586547,10391.316626968257,10392.08449758832,5670523883782341.0,5679875846161518.0
10410.571331805106,10410.571571391489,10410.460051547465,10411.76497562389,5791359906992832.0,5804474451855182.0
10412.421116774642,10412.42277286344,10412.322385689256,10412.374601608179,5755070013133922.0,5765519725618704.0
10391.815110891504,10391.812329064183,10391.68973485487,10391.761870944374,5674573736284742.0,5690671411054317.0
10428.176619899616,10428.17584837076,10428.082093530791,10428.912455723255,5728900841947742.0,5738456041173856.0
10391.07223518659,10391.070862351433,10390.990505036449,10392.35146106712,5772528881688601.0,5779375296607516.0
10396.499041352237,10396.49920381917,10396.369035996206,10398.418430611157,5751836675422265.0,5768918587392012.0
10421.404999540338,10421.40712554116,10421.296795106862,10421.912817015966,5737974473512952.0,5750437879769630.0
10414.604777458973,10414.603338540983,10414.524185327446,10413.98648039064,5689751927297670.0,5696348314629905.0
10403.13205236217,10403.131998783176,10403.001068773909,10403.946220580743,5722905679585332.0,5740199373567251.0
10390.412477820983,10390.412925048031,10390.294822437121,10390.874602369227,5675557869158935.0,5690018479703875.0
10422.080960620373,10422.080154151608,10421.964219240102,10422.496175361297,5675493882603581.0,5689772239722910.0
10412.626137131265,10412.628191287617,10412.525086379728,10414.408297124719,5761076602955916.0,5772018993295179.0
10389.552970279983,10389.55558654973,10389.449557303284,10389.971091053905,5699136138106946.0,5710578147408288.0
10395.819453991942,10395.821638770547,10395.723287064184,10395.228012922264,5728737678616283.0,5738643747359535.0
10402.0953119835,10402.0931962937,10402.003913255443,10402.39286235319,5766041879827778.0,5774935889328641.0
10411.806581385135,10411.805079421178,10411.687801627051,10411.547785087352,5738043688132786.0,5752751249670175.0
10396.858051221347,10396.85785498171,10396.748888387452,10398.401554314481,5695690029182160.0,5708352089636170.0
10410.346412484752,10410.346120245411,10410.256874302273,10409.162263710532,5804948050444634.0,5813445701030590.0
10406.925584073699,10406.927991643348,10406.836963831453,10408.844556845417,5742997259240365.0,5751300714824909.0
10413.846285252206,10413.846186814035,10413.716629753455,10414.308999288458,5682885310681810.0,5699903881378970.0
10411.61601933355,10411.614667358781,10411.506366740632,10413.608545085151,5673321753390456.0,5686090889355916.0
10390.734958729146,10390.73515488866,10390.657808106107,10393.104279758145,5832028557925262.0,5837904477349890.0
10409.749292354732,10409.750376540884,10409.601300423654,10409.419525466235,5718845902199927.0,5739755342066380.0
10407.161542662576,10407.16135360294,10407.053205458385,10408.328708568519,5703632950199125.0,5716121889521907.0
10389.817381909017,10389.817629914984,10389.704398949396,10391.114167926818,5741332588424080.0,5754802759037064.0
10380.29028300309,10380.290892753983,10380.16807222364,10381.67500444144,5678271464409417.0,5693692706865425.0
10389.761114413172,10389.762341060688,10389.627748888503,10391.460520322395,5694152637893829.0,5711942376173458.0
10408.771435127275,10408.768884839888,10408.669311857313,10410.121944847855,5798854538950479.0,5810024481774291.0
10394.952521881292,10394.95269354681,10394.87191030178,10393.716316158265,5714448718746901.0,5721056603655516.0
10414.76467368589,10414.76414824744,10414.680067032012,10413.551707478815,5789439821362340.0,5796888978567972.0
10412.943113055708,10412.94312845146,10412.845026755747,10413.214153891648,5702609322363704.0,5712922079669651.0
10414.640098227954,10414.639781523561,10414.574122347482,10412.637611004331,5636533177656807.0,5640024564088510.0
10410.214239562143,10410.216348258964,10410.10117404309,10408.572862240944,5705310131251349.0,5718803674467826.0
10392.96004216924,10392.958986486254,10392.85540622534,10392.408330701051,5691522412439418.0,5703223996372777.0
10408.189590907501,10408.191013770413,10408.089724174031,10409.879323779955,5708151280487381.0,5718842119789496.0
10402.75681182682,10402.756402524274,10402.639640051568,10402.364496867522,5735771770010367.0,5750134483499601.0
10411.211379485896,10411.211929225581,10411.090718907972,10414.210390914164,5840807596343384.0,5855914334980294.0
10399.476218517742,10399.474747749602,10399.333706108457,10400.048452048053,5740851027719030.0,5760587865059043.0
10395.738504284956,10395.736555812959,10395.616104216944,10393.414268807985,5754785427510638.0,5770254176258462.0
10414.693683219612,10414.691898541187,10414.610509648526,10412.681201655332,5604030455943753.0,5611175197451496.0
10405.882056398408,10405.881093708536,10405.751688104012,10406.910937458744,5707600880567191.0,5724765770833266.0
10401.808255986914,10401.808505290073,10401.706735531612,10403.303617527892,5707301227361846.0,5718342825330741.0
10411.875496297263,10411.874986071289,10411.769280464712,10410.192087787704,5779259289954111.0,5791298593756420.0
10408.971234362984,10408.969245251656,10408.861564528868,10410.533437341202,5694184928275449.0,5706957152318658.0
10406.542137213979,10406.545833210694,10406.419402609028,10406.30339308352,5781529941424872.0,5797074868643881.0
10407.800035649841,10407.797745969872,10407.633831603023,10409.262850993271,5669691941628896.0,5694465733664660.0
10413.079989424494,10413.080428959564,10412.954065075737,10413.1470248246,5688997438755995.0,5705223031426272.0
10408.18341837881,10408.184802092857,10408.095714607685,10406.101363202943,5776989263379480.0,5785097883716845.0
10383.748861719403,10383.7507091629,10383.610490010871,10384.5870185701,5688222855928561.0,5707068679607661.0
10411.687306408885,10411.686137144969,10411.559760589276,10410.80455471259,5681120797914586.0,5697689983412707.0
10412.706003831809,10412.708537563369,10412.635415301867,10411.340666931765,5742522619204817.0,5746995013047352.0
10415.571630861663,10415.569716028669,10415.47952670988,10415.03813010819,5720402111245650.0,5729443893177825.0
10391.439038301693,10391.438947654458,10391.325514341968,10391.462955864336,5762293430230531.0,5775878738548704.0
